ENCODED_MCT,ds,yhat,yhat_lower,yhat_upper
003AC99735,2024-10-01,0.25,0.2499976621046615,0.2500023378953385
003AC99735,2024-11-01,0.25,0.24999669371670488,0.2500033062832951
003AC99735,2024-12-01,0.41699997999671506,0.416995930643206,0.4170040293502241
00F54829E1,2024-10-01,0.417,0.2877250386328438,0.5462749613671561
00F54829E1,2024-11-01,0.417,0.2341775963593098,0.5998224036406902
00F54829E1,2024-12-01,0.417,0.19308919876558173,0.6409108012344182
00FDB35E9C,2024-10-01,0.583,0.5829902176008362,0.5830097823991637
00FDB35E9C,2024-11-01,0.583,0.5829861655984301,0.5830138344015698
00FDB35E9C,2024-12-01,0.583,0.5829830563876285,0.5830169436123714
01EDD97C21,2024-10-01,0.583,0.43186282268320225,0.7341371773167977
01EDD97C21,2024-11-01,0.583,0.42520815439210685,0.740791845607893
01EDD97C21,2024-12-01,0.583,0.385125703240238,0.7808742967597619
01FD0FCC3D,2024-10-01,0.583,0.4296168315583523,0.7363831684416476
01FD0FCC3D,2024-11-01,0.583,0.3660834429500649,0.799916557049935
01FD0FCC3D,2024-12-01,0.583,0.31733255923317094,0.848667440766829
0220D6AA93,2024-10-01,0.25,0.24999803480672503,0.25000196519327494
0220D6AA93,2024-11-01,0.25,0.24999722079701786,0.25000277920298214
0220D6AA93,2024-12-01,0.25,0.24999659618540107,0.25000340381459896
029F2B4A59,2024-10-01,0.583,0.4328205594222417,0.7331794405777583
029F2B4A59,2024-11-01,0.583,0.3706141983453298,0.7953858016546701
029F2B4A59,2024-12-01,0.583,0.3228815786670515,0.8431184213329483
02A32AE992,2024-10-01,0.583,0.5829980348428622,0.5830019651571378
02A32AE992,2024-11-01,0.583,0.5829972208481236,0.5830027791518764
02A32AE992,2024-12-01,0.583,0.5829965962479925,0.5830034037520074
02FE4FD151,2024-10-01,0.19763514752428832,0.07889740706457411,0.31637288798400254
02FE4FD151,2024-11-01,0.1952701879541105,0.07659162055468363,0.3139487553535374
02FE4FD151,2024-12-01,0.1929335281769535,0.07431275461993302,0.31155430173397397
035ADB2AA8,2024-10-01,0.917,0.9169902209324748,0.9170097790675252
035ADB2AA8,2024-11-01,0.917,0.9169861703100786,0.9170138296899215
035ADB2AA8,2024-12-01,0.917,0.9169830621581958,0.9170169378418043
036B3FD49B,2024-10-01,0.7542636290369725,0.6456270863690089,0.8629001717049362
036B3FD49B,2024-11-01,0.778538269185509,0.6696792043623446,0.8873973340086733
036B3FD49B,2024-12-01,0.8035941456705943,0.6944985046235385,0.9126897867176501
03BE2D577F,2024-10-01,0.9839690941556802,0.9839165401406895,0.984021648170671
03BE2D577F,2024-11-01,1.05,1.05,1.05
03BE2D577F,2024-12-01,1.05,1.05,1.05
0487117D58,2024-10-01,0.45757813089941385,0.2735184861651315,0.6416377756336962
0487117D58,2024-11-01,0.4715871637628128,0.2740278311537664,0.6691464963718592
0487117D58,2024-12-01,0.4764235866688916,0.2763529210296928,0.6764942523080905
055A2785B9,2024-10-01,0.583,0.5829980348428622,0.5830019651571378
055A2785B9,2024-11-01,0.583,0.5829972208481236,0.5830027791518764
055A2785B9,2024-12-01,0.583,0.5829965962479925,0.5830034037520074
05EE42C739,2024-10-01,0.3335000000000157,0.21477073875054734,0.45222926124948404
05EE42C739,2024-11-01,0.29175,0.15900665046393356,0.42449334953606643
05EE42C739,2024-12-01,0.31262500000001175,0.15278084018558705,0.4724691598144365
06A87DAA45,2024-10-01,0.7107406407081112,0.3353655662840485,1.05
06A87DAA45,2024-11-01,0.8381146625895796,0.4362225050023596,1.05
06A87DAA45,2024-12-01,0.7594557280037257,0.2657713140958839,1.05
085F6E716F,2024-10-01,0.7112281778861603,0.6218407494370657,0.800615606335255
085F6E716F,2024-11-01,0.7076188264738179,0.6182626540178737,0.7969749989297621
085F6E716F,2024-12-01,0.704027791852096,0.6147025697288274,0.7933530139753645
08A8D396B4,2024-10-01,0.417,0.4169977002942858,0.4170022997057142
08A8D396B4,2024-11-01,0.417,0.4169967477249895,0.41700325227501045
08A8D396B4,2024-12-01,0.41699999417501027,0.4169960109678708,0.4170039773821497
08D893CAA8,2024-10-01,0.75,0.7499980348428622,0.7500019651571378
08D893CAA8,2024-11-01,0.75,0.7499972208481236,0.7500027791518764
08D893CAA8,2024-12-01,0.75,0.7499965962479925,0.7500034037520075
0961D33241,2024-10-01,0.917,0.8419081442502986,0.9920918557497015
0961D33241,2024-11-01,0.917,0.8108040791750081,1.023195920824992
0961D33241,2024-12-01,0.917,0.7869370906068839,1.047062909393116
09A5C8DB83,2024-10-01,0.583,0.5829980348428622,0.5830019651571378
09A5C8DB83,2024-11-01,0.583,0.5829972208481236,0.5830027791518764
09A5C8DB83,2024-12-01,0.583,0.5829965962479925,0.5830034037520074
0AD9FBF8D6,2024-10-01,0.5306422800778406,0.4369232406323674,0.6243613195233139
0AD9FBF8D6,2024-11-01,0.5273881971140068,0.43369476637873783,0.6210816278492757
0AD9FBF8D6,2024-12-01,0.52415406931834,0.4304859410467705,0.6178221975899094
0AF7BD60A5,2024-10-01,0.75,0.7499980348428622,0.7500019651571378
0AF7BD60A5,2024-11-01,0.75,0.7499972208481236,0.7500027791518764
0AF7BD60A5,2024-12-01,0.75,0.7499965962479925,0.7500034037520075
0C02E54954,2024-10-01,0.5652538572258607,0.42598336733205,0.7045243471196715
0C02E54954,2024-11-01,0.5652538572258607,0.41958834484926205,0.7109193696024594
0C02E54954,2024-12-01,0.5652538572258607,0.41346250820816466,0.7170452062435568
0C074FD60A,2024-10-01,0.37930410227166916,0.25819016161562913,0.5004180429277092
0C074FD60A,2024-11-01,0.36346424948021394,0.2427050173399958,0.48422348162043205
0C074FD60A,2024-12-01,0.34828587368031333,0.2278532632301103,0.46871848413051637
0C1B547B6E,2024-10-01,0.417,0.41699803480672504,0.4170019651932749
0C1B547B6E,2024-11-01,0.417,0.41699722079701784,0.4170027792029821
0C1B547B6E,2024-12-01,0.417,0.416996596185401,0.41700340381459894
0C8BE8ECAD,2024-10-01,0.5995777624072842,0.43703436314983723,0.7621211616647312
0C8BE8ECAD,2024-11-01,0.5995777624072842,0.4317997264941277,0.7673557983204408
0C8BE8ECAD,2024-12-01,0.5995777624072842,0.42672354051037176,0.7724319843041967
0C9C887E27,2024-10-01,0.583,0.40910075953677194,0.756899240463228
0C9C887E27,2024-11-01,0.583,0.33706933565052277,0.8289306643494772
0C9C887E27,2024-12-01,0.583,0.2817976801200515,0.8842023198799485
0CB94CB82A,2024-10-01,0.48902427789499325,0.37810375686188186,0.5999447989281047
0CB94CB82A,2024-11-01,0.4938401509784915,0.3828622500462524,0.6048180519107306
0CB94CB82A,2024-12-01,0.49870345040584363,0.3876670644022764,0.6097398364094109
0DE3499749,2024-10-01,0.7499997356194479,0.7499914003883816,0.7500080708505141
0DE3499749,2024-11-01,0.7499997356194479,0.7499879478226285,0.7500115234162673
0DE3499749,2024-12-01,0.7499997356194479,0.7499852985757482,0.7500141726631475
0E47B24887,2024-10-01,0.583,0.5829916862756237,0.5830083137243762
0E47B24887,2024-11-01,0.583,0.5829882426182332,0.5830117573817667
0E47B24887,2024-12-01,0.583,0.5829856002069801,0.5830143997930198
0E614A7B1A,2024-10-01,0.6080500004439275,0.494870799903765,0.7212292009840902
0E614A7B1A,2024-11-01,0.6080500004439275,0.4948707998070807,0.7212292010807744
0E614A7B1A,2024-12-01,0.6080500004439275,0.4948707997103964,0.7212292011774587
0E7F1F5130,2024-10-01,0.250000570963756,0.24999116797873833,0.25000997394877367
0E7F1F5130,2024-11-01,0.417,0.4169867021710612,0.41701329782893876
0E7F1F5130,2024-12-01,0.417,0.41698371355220654,0.4170162864477934
0EE4BD7D7A,2024-10-01,0.6050993755096542,0.474117183020512,0.7360815679987964
0EE4BD7D7A,2024-11-01,0.6064245584882695,0.4754283928046381,0.7374207241719009
0EE4BD7D7A,2024-12-01,0.6077526436512166,0.47674244500293705,0.7387628422994962
0F646F50F7,2024-10-01,0.417,0.26772609840481304,0.566273901595187
0F646F50F7,2024-11-01,0.417,0.20589482385573982,0.6281051761442602
0F646F50F7,2024-12-01,0.417,0.15845001819309928,0.6755499818069006
0FA542A8DB,2024-10-01,0.8056666674517414,0.6377595723035996,0.9735737625998833
0FA542A8DB,2024-11-01,0.8798888886271973,0.7028992697206745,1.05
0FA542A8DB,2024-12-01,0.8304074081924822,0.6104523574212573,1.05
1.71E+17,2024-10-01,0.75,0.7499980348428622,0.7500019651571378
1.71E+17,2024-11-01,0.75,0.7499972208481236,0.7500027791518764
1.71E+17,2024-12-01,0.75,0.7499965962479925,0.7500034037520075
11191365FD,2024-10-01,0.9145920428334307,0.7814210940076931,1.0477629916591682
11191365FD,2024-11-01,0.9176145504719243,0.7844219185108334,1.05
11191365FD,2024-12-01,0.9206470467742123,0.7874325916902797,1.05
120283327E,2024-10-01,0.75,0.7499913171055673,0.7500086828944327
120283327E,2024-11-01,0.75,0.7499877205329327,0.7500122794670673
120283327E,2024-12-01,0.75,0.7499849607856859,0.7500150392143141
12A28908F1,2024-10-01,0.417,0.4169974782441572,0.41700252175584274
12A28908F1,2024-11-01,0.417,0.41699643369868616,0.4170035663013138
12A28908F1,2024-12-01,0.417,0.4169956321907561,0.4170043678092439
132078A4FE,2024-10-01,0.583,0.5829980348428622,0.5830019651571378
132078A4FE,2024-11-01,0.583,0.5829972208481236,0.5830027791518764
132078A4FE,2024-12-01,0.583,0.5829965962479925,0.5830034037520074
133FADDC35,2024-10-01,0.083,0.0,0.2816629634458336
133FADDC35,2024-11-01,0.083,0.0,0.3639518572463282
133FADDC35,2024-12-01,0.083,0.0,0.4270943462703824
1389DE67CE,2024-10-01,0.30074649158232547,0.15209561310866296,0.449397370055988
1389DE67CE,2024-11-01,0.29588636064198803,0.14733049419419492,0.44444222708978115
1389DE67CE,2024-12-01,0.29110477051066536,0.14264092798180344,0.43956861303952727
13C3C13D99,2024-10-01,0.5876652079602265,0.42764276416118724,0.7476876517592657
13C3C13D99,2024-11-01,0.5876652079602265,0.4157244629958796,0.7596059529245733
13C3C13D99,2024-12-01,0.5876652079602265,0.40458037232829197,0.770750043592161
13F02B91F6,2024-10-01,0.583,0.5829980348428622,0.5830019651571378
13F02B91F6,2024-11-01,0.583,0.5829972208481236,0.5830027791518764
13F02B91F6,2024-12-01,0.583,0.5829965962479925,0.5830034037520074
158A1920D0,2024-10-01,0.583,0.34583488863550216,0.8201651113644978
158A1920D0,2024-11-01,0.583,0.24759788298660163,0.9184021170133982
158A1920D0,2024-12-01,0.583,0.17221797733395877,0.9937820226660412
15B7F02740,2024-10-01,0.583,0.399074871229518,0.7669251287704819
15B7F02740,2024-11-01,0.583,0.3228905884315664,0.8431094115684334
15B7F02740,2024-12-01,0.583,0.2644323321808769,0.901567667819123
15CFCB9040,2024-10-01,0.083,0.08299021760083086,0.08300978239916915
15CFCB9040,2024-11-01,0.083,0.08298616559842245,0.08301383440157756
15CFCB9040,2024-12-01,0.083,0.08298305638761913,0.08301694361238088
167F268F8E,2024-10-01,0.5829966502090005,0.5829735795522422,0.5830197208657588
167F268F8E,2024-11-01,0.5829979266067048,0.5829748557551108,0.5830209974582988
167F268F8E,2024-12-01,0.5829979265783996,0.5829748557268055,0.5830209974299936
16F5C2A5B3,2024-10-01,0.3918101952213895,0.2689484146648079,0.5146719757779711
16F5C2A5B3,2024-11-01,0.3917968986482937,0.2689353164353858,0.5146584808612016
16F5C2A5B3,2024-12-01,0.3917836025264339,0.26892221864405796,0.5146449864088098
16FA1843AE,2024-10-01,0.5830000453090355,0.5829928688947592,0.5830072217233118
16FA1843AE,2024-11-01,0.9170001364729985,0.9169899874905998,0.9170102854553972
16FA1843AE,2024-12-01,0.9170001364729985,0.9169877065588559,0.9170125663871411
17FCA23DD7,2024-10-01,0.583,0.5829980348428622,0.5830019651571378
17FCA23DD7,2024-11-01,0.583,0.5829972208481236,0.5830027791518764
17FCA23DD7,2024-12-01,0.583,0.5829965962479925,0.5830034037520074
180F6A644D,2024-10-01,0.4169999999999999,0.26682683713240163,0.5671731628675982
180F6A644D,2024-11-01,0.4169999999999999,0.20462307636817875,0.6293769236318211
180F6A644D,2024-12-01,0.4169999999999999,0.1568924519800038,0.6771075480199961
18139EA68D,2024-10-01,0.083,0.08299774269539427,0.08300225730460574
18139EA68D,2024-11-01,0.08299980468433643,0.0829966123735706,0.08300299699510226
18139EA68D,2024-12-01,0.08299980468433643,0.08299589491810709,0.08300371445056577
18FC952F28,2024-10-01,0.917,0.9169964424370782,0.9170035575629218
18FC952F28,2024-11-01,0.917,0.9169938795201921,0.917006120479808
18FC952F28,2024-12-01,0.9357169256478591,0.9357090348752597,0.9357248164204586
197C457DEF,2024-10-01,0.583,0.5829980348428622,0.5830019651571378
197C457DEF,2024-11-01,0.583,0.5829972208481236,0.5830027791518764
197C457DEF,2024-12-01,0.583,0.5829965962479925,0.5830034037520074
19FD619523,2024-10-01,0.583,0.5829980348428622,0.5830019651571378
19FD619523,2024-11-01,0.583,0.5829972208481236,0.5830027791518764
19FD619523,2024-12-01,0.583,0.5829965962479925,0.5830034037520074
1AE0F9961C,2024-10-01,0.24999983188897498,0.24999043603325757,0.25000922774469236
1AE0F9961C,2024-11-01,0.41700008341357675,0.4169892549888314,0.4170109118383221
1AE0F9961C,2024-12-01,0.41700008341357675,0.4169879909588934,0.4170121758682601
1C69DD5AFC,2024-10-01,0.44353080304613796,0.32226991881897665,0.5647916872732993
1C69DD5AFC,2024-11-01,0.4574928124781491,0.3359903160831896,0.5789953088731086
1C69DD5AFC,2024-12-01,0.47189433525633767,0.35013530215018795,0.5936533683624874
1CC86C2EB2,2024-10-01,0.442397273450395,0.3121868127049583,0.5726077341958317
1CC86C2EB2,2024-11-01,0.442397273450395,0.31165806821228736,0.5731364786885026
1CC86C2EB2,2024-12-01,0.442397273450395,0.31113145350839655,0.5736630933923934
1CCF1F16FD,2024-10-01,0.417,0.2841745919627422,0.5498254080372578
1CCF1F16FD,2024-11-01,0.417,0.2291565065259697,0.6048434934740303
1CCF1F16FD,2024-12-01,0.417,0.18693964474340194,0.647060355256598
1D9B20B1B9,2024-10-01,0.09373596825791294,0.0,0.22538367827814884
1D9B20B1B9,2024-11-01,0.08882379825136318,0.0,0.22032367215180326
1D9B20B1B9,2024-12-01,0.08416904719104817,0.0,0.21553603171969643
1DDB44FF35,2024-10-01,0.4917000004854338,0.3259443569950236,0.6574556439758439
1DDB44FF35,2024-11-01,0.4917000004854338,0.32594435687795575,0.6574556440929118
1DDB44FF35,2024-12-01,0.4917000004854338,0.32594435676088784,0.6574556442099797
1F4203EA83,2024-10-01,0.75,0.7499980348428622,0.7500019651571378
1F4203EA83,2024-11-01,0.75,0.7499972208481236,0.7500027791518764
1F4203EA83,2024-12-01,0.75,0.7499965962479925,0.7500034037520075
1FAF18BB8F,2024-10-01,0.917,0.8225223891118632,1.011477610888137
1FAF18BB8F,2024-11-01,0.917,0.7833884813413889,1.05
1FAF18BB8F,2024-12-01,0.917,0.7533599777640245,1.05
20CD5C4AB7,2024-10-01,0.5829995913056661,0.5829898123578224,0.5830093702535099
20CD5C4AB7,2024-11-01,0.5829995913056661,0.5829857617849998,0.5830134208263325
20CD5C4AB7,2024-12-01,0.5829995913056661,0.5829826536711563,0.583016528940176
21348D6015,2024-10-01,0.417,0.4169980348428622,0.4170019651571378
21348D6015,2024-11-01,0.417,0.4169972208481235,0.41700277915187645
21348D6015,2024-12-01,0.417,0.4169965962479925,0.41700340375200745
21373CB273,2024-10-01,0.5175094665717017,0.3658483712181096,0.6691705619252939
21373CB273,2024-11-01,0.5479613855474459,0.39339210528373775,0.7025306658111541
21373CB273,2024-12-01,0.5338017914693101,0.3698880551991115,0.6977155277395086
2143174547,2024-10-01,0.732734316542747,0.6295194735712636,0.8359491595142304
2143174547,2024-11-01,0.7326804834363132,0.6294660011766423,0.8358949656959841
2143174547,2024-12-01,0.7326266542849328,0.6294125326853346,0.835840775884531
21B52E1F0F,2024-10-01,0.41699892347213546,0.41699586260618354,0.4170019843380874
21B52E1F0F,2024-11-01,0.41699933079117946,0.41699626995582123,0.4170023916265377
21B52E1F0F,2024-12-01,0.4169993308019054,0.41699626996654715,0.4170023916372636
225DC4C12C,2024-10-01,0.75,0.7499980348428622,0.7500019651571378
225DC4C12C,2024-11-01,0.75,0.7499972208481236,0.7500027791518764
225DC4C12C,2024-12-01,0.75,0.7499965962479925,0.7500034037520075
2445E4D19D,2024-10-01,0.083,0.0829965658777969,0.08300343412220311
2445E4D19D,2024-11-01,0.083,0.08299514341784658,0.08300485658215342
2445E4D19D,2024-12-01,0.08299999619376312,0.08299404811969499,0.08300594426783126
2485494277,2024-10-01,0.582999999999984,0.5829954937355718,0.5830045062643961
2485494277,2024-11-01,0.582999999999984,0.5829936271797915,0.5830063728201764
2485494277,2024-12-01,0.582999999999984,0.5829921949211593,0.5830078050788087
24F5384BB4,2024-10-01,0.5830000008544649,0.5828836816946379,0.5831163200142919
24F5384BB4,2024-11-01,0.5830000008537616,0.5828370963708411,0.583162905336682
24F5384BB4,2024-12-01,0.5829989272654675,0.5828000662566392,0.5831977882742959
255821302B,2024-10-01,0.291749999977314,0.14923648378932483,0.4342635161653031
255821302B,2024-11-01,0.291749999977314,0.14923648378091248,0.4342635161737155
255821302B,2024-12-01,0.291749999977314,0.14923648377250015,0.43426351618212783
268A868E38,2024-10-01,0.46383450972185203,0.263320120485648,0.664348898958056
268A868E38,2024-11-01,0.4568788952169027,0.24223761701037685,0.6715201734234286
268A868E38,2024-12-01,0.4500275863902232,0.2225168007384637,0.6775383720419828
26ACE594E8,2024-10-01,0.583,0.5829980348428622,0.5830019651571378
26ACE594E8,2024-11-01,0.583,0.5829972208481236,0.5830027791518764
26ACE594E8,2024-12-01,0.583,0.5829965962479925,0.5830034037520074
2716FFD10A,2024-10-01,0.583,0.37426230570289276,0.7917376942971072
2716FFD10A,2024-11-01,0.583,0.3452294715484752,0.8207705284515248
2716FFD10A,2024-12-01,0.583,0.2980807620018626,0.8679192379981373
274F7C9F52,2024-10-01,0.4169997283346068,0.41699183540844914,0.41700762126076446
274F7C9F52,2024-11-01,0.417,0.41698883771678097,0.417011162283219
274F7C9F52,2024-12-01,0.4169997283346068,0.41698605738548133,0.41701339928373227
28DC0855AC,2024-10-01,0.9254541830766618,0.803799272975875,1.0471090931774487
28DC0855AC,2024-11-01,0.9367498360563746,0.8150151824308708,1.05
28DC0855AC,2024-12-01,0.9481833583964202,0.8263670568841027,1.05
2AF934A41E,2024-10-01,0.2515816010612168,0.13634158481218128,0.3668216173102523
2AF934A41E,2024-11-01,0.24269906476126393,0.11403604805925222,0.37136208146327565
2AF934A41E,2024-12-01,0.23413014221838696,0.09412663846036246,0.37413364597641147
2BF66155BC,2024-10-01,0.2243174705283702,0.15210146021369023,0.2965334808430502
2BF66155BC,2024-11-01,0.22275165866234403,0.15055789668605202,0.29494542063863605
2BF66155BC,2024-12-01,0.22119677669310214,0.14902496025340278,0.2933685931328015
2C72D19DB4,2024-10-01,0.38489347031374027,0.2230925126302049,0.5466944279972756
2C72D19DB4,2024-11-01,0.38489347031374027,0.2182953497996386,0.5514915908278419
2C72D19DB4,2024-12-01,0.38489347031374027,0.21363250683883422,0.5561544337886464
2C8DAA2BF9,2024-10-01,0.583,0.5829980348428622,0.5830019651571378
2C8DAA2BF9,2024-11-01,0.583,0.5829972208481236,0.5830027791518764
2C8DAA2BF9,2024-12-01,0.583,0.5829965962479925,0.5830034037520074
2CF63CC8AA,2024-10-01,0.417,0.2668268371328836,0.5671731628671164
2CF63CC8AA,2024-11-01,0.417,0.20462307636886035,0.6293769236311396
2CF63CC8AA,2024-12-01,0.417,0.1568924519808385,0.6771075480191615
2E4CDEA048,2024-10-01,0.75,0.5873563731054974,0.9126436268945026
2E4CDEA048,2024-11-01,0.75,0.5720162273719998,0.9279837726280002
2E4CDEA048,2024-12-01,0.75,0.5339427698783832,0.9660572301216168
2E5E8F46A2,2024-10-01,0.75,0.7499980348428622,0.7500019651571378
2E5E8F46A2,2024-11-01,0.75,0.7499972208481236,0.7500027791518764
2E5E8F46A2,2024-12-01,0.75,0.7499965962479925,0.7500034037520075
2E8B2318F2,2024-10-01,0.5774182285554055,0.4513031522798384,0.7035333048309725
2E8B2318F2,2024-11-01,0.5774182285554055,0.42516016766298015,0.7296762894478308
2E8B2318F2,2024-12-01,0.5774182285554055,0.40289023151925407,0.7519462255915569
2EAE67C0B4,2024-10-01,0.417,0.41699803480672504,0.4170019651932749
2EAE67C0B4,2024-11-01,0.417,0.41699722079701784,0.4170027792029821
2EAE67C0B4,2024-12-01,0.417,0.416996596185401,0.41700340381459894
2F190FBDCA,2024-10-01,0.417,0.41699803480672504,0.4170019651932749
2F190FBDCA,2024-11-01,0.417,0.41699722079701784,0.4170027792029821
2F190FBDCA,2024-12-01,0.417,0.416996596185401,0.41700340381459894
2F2BBD5117,2024-10-01,0.44622219833461885,0.30227525306028535,0.5901691436089523
2F2BBD5117,2024-11-01,0.44016383468204834,0.29629670837574007,0.5840309609883566
2F2BBD5117,2024-12-01,0.43418772549885154,0.29039830799997385,0.5779771429977292
2FB475D73E,2024-10-01,0.417,0.4169980348428622,0.4170019651571378
2FB475D73E,2024-11-01,0.417,0.4169972208481235,0.41700277915187645
2FB475D73E,2024-12-01,0.417,0.4169965962479925,0.41700340375200745
2FF80BC960,2024-10-01,0.5176160463349934,0.40085639987521293,0.6343756927947738
2FF80BC960,2024-11-01,0.524699583026334,0.40785294756316026,0.6415462184895078
2FF80BC960,2024-12-01,0.5318800573849144,0.4149441031621646,0.6488160116076642
304DF7C3D2,2024-10-01,0.25,0.24999803480672503,0.25000196519327494
304DF7C3D2,2024-11-01,0.25,0.24999722079701786,0.25000277920298214
304DF7C3D2,2024-12-01,0.25,0.24999659618540107,0.25000340381459896
30623F3257,2024-10-01,0.7219202011076504,0.6504131115326433,0.7934272906826576
30623F3257,2024-11-01,0.7200763314261016,0.6485777059956407,0.7915749568565625
30623F3257,2024-12-01,0.7182371712060658,0.646746967732976,0.7897273746791555
3115CB8448,2024-10-01,0.4169999999999999,0.23380839783090002,0.6001916021690998
3115CB8448,2024-11-01,0.4169999999999999,0.15792795169960233,0.6760720483003975
3115CB8448,2024-12-01,0.4169999999999999,0.09970283752317394,0.734297162476826
312F1E6B7B,2024-10-01,0.75,0.7499980348428622,0.7500019651571378
312F1E6B7B,2024-11-01,0.75,0.7499972208481236,0.7500027791518764
312F1E6B7B,2024-12-01,0.75,0.7499965962479925,0.7500034037520075
32514851CD,2024-10-01,0.757421456084517,0.6168865140323598,0.8979563981366743
32514851CD,2024-11-01,0.766878259619705,0.626248840438868,0.9075076788005421
32514851CD,2024-12-01,0.7764531362994874,0.6357269319074716,0.9171793406915032
335B38273C,2024-10-01,0.083,0.0,0.26655873184192064
335B38273C,2024-11-01,0.083,0.0,0.34259124806285024
335B38273C,2024-12-01,0.083,0.0,0.4009330497231176
33706FFD69,2024-10-01,0.583,0.5829913397606715,0.5830086602393284
33706FFD69,2024-11-01,0.583,0.5829877525720882,0.5830122474279117
33706FFD69,2024-12-01,0.583,0.5829850000254774,0.5830149999745226
33C513E513,2024-10-01,0.25,0.24999208029888512,0.2500079197011149
33C513E513,2024-11-01,0.25,0.2499887998512734,0.25001120014872663
33C513E513,2024-12-01,0.25000001585698534,0.2499862985322736,0.25001373318169706
3456938AFA,2024-10-01,0.6055866062853079,0.5323307106076224,0.6788425019629934
3456938AFA,2024-11-01,0.6069649212745307,0.533700896632231,0.6802289459168305
3456938AFA,2024-12-01,0.6083463733083807,0.5350741835643316,0.6816185630524298
34ADC7D5B3,2024-10-01,0.7492650929750021,0.6421726729781714,0.8563575129718328
34ADC7D5B3,2024-11-01,0.7522127265646744,0.6450811842646664,0.8593442688646824
34ADC7D5B3,2024-12-01,0.7551719562421138,0.6480009976673413,0.8623429148168862
3593B2D487,2024-10-01,0.75,0.5820816687556525,0.9179183312443475
3593B2D487,2024-11-01,0.75,0.5125276185831859,0.9874723814168141
3593B2D487,2024-12-01,0.75,0.45915691876260956,1.0408430812373903
36E3A686C1,2024-10-01,0.917,0.9169980348428622,0.9170019651571378
36E3A686C1,2024-11-01,0.917,0.9169972208481236,0.9170027791518764
36E3A686C1,2024-12-01,0.917,0.9169965962479926,0.9170034037520075
36FA50BD7D,2024-10-01,0.75,0.6262963597885429,0.8737036402114571
36FA50BD7D,2024-11-01,0.75,0.5750566342980357,0.9249433657019643
36FA50BD7D,2024-12-01,0.75,0.5357390100725359,0.9642609899274641
378C662D8E,2024-10-01,1.0334315963788476,1.0334042443666362,1.033458948391059
378C662D8E,2024-11-01,1.05,1.05,1.05
378C662D8E,2024-12-01,1.05,1.05,1.05
37AA28CAF8,2024-10-01,0.417,0.4169980348428622,0.4170019651571378
37AA28CAF8,2024-11-01,0.417,0.4169972208481235,0.41700277915187645
37AA28CAF8,2024-12-01,0.417,0.4169965962479925,0.41700340375200745
37C22962DB,2024-10-01,0.417,0.41699803480672504,0.4170019651932749
37C22962DB,2024-11-01,0.417,0.41699722079701784,0.4170027792029821
37C22962DB,2024-12-01,0.417,0.416996596185401,0.41700340381459894
383481B7AC,2024-10-01,0.583,0.5063221055087185,0.6596778944912814
383481B7AC,2024-11-01,0.583,0.47456108503816724,0.6914389149618327
383481B7AC,2024-12-01,0.583,0.45018999641373736,0.7158100035862626
387BDBCD80,2024-10-01,0.8167999999918708,0.6455672623643164,0.9880327376194252
387BDBCD80,2024-11-01,0.7900799999983741,0.5903900288082983,0.9897699711884499
387BDBCD80,2024-12-01,0.8007679999944721,0.5624159656296911,1.0391200343592533
391836F1E0,2024-10-01,0.4961812319866137,0.38244905142571284,0.6099134125475145
391836F1E0,2024-11-01,0.47831692561077516,0.3648037258702072,0.5918301253513432
391836F1E0,2024-12-01,0.4610957984237425,0.34778647453810463,0.5744051223093803
3AE8B97E90,2024-10-01,0.33055375046278124,0.22043259879201765,0.4406749021335448
3AE8B97E90,2024-11-01,0.3387351610570393,0.22845061153621998,0.44901971057785867
3AE8B97E90,2024-12-01,0.34711906664407277,0.2366631909685285,0.45757494231961704
3AF3906E1E,2024-10-01,0.45792227079617914,0.35271898673431845,0.5631255548580398
3AF3906E1E,2024-11-01,0.46037226284659405,0.35513785324019415,0.5656066724529939
3AF3906E1E,2024-12-01,0.46283536293177796,0.35756950318387865,0.5681012226796773
3D65A21626,2024-10-01,0.3688879195885339,0.20834149130821428,0.5294343478688535
3D65A21626,2024-11-01,0.3674980935863947,0.2070177475554886,0.5279784396173007
3D65A21626,2024-12-01,0.3661135039073055,0.20569877003548187,0.5265282377791292
3DB47F6D25,2024-10-01,0.8752500004814406,0.7327437195118164,1.0177562814510648
3DB47F6D25,2024-11-01,0.8752500004814406,0.732743719390317,1.0177562815725643
3DB47F6D25,2024-12-01,0.8752500004814406,0.7327437192688175,1.0177562816940637
3DDD63B1FA,2024-10-01,0.583,0.582997996705453,0.5830020032945469
3DDD63B1FA,2024-11-01,0.583,0.5829971669136823,0.5830028330863176
3DDD63B1FA,2024-12-01,0.583,0.5829965301920622,0.5830034698079377
3DE5786D97,2024-10-01,0.4632133141991456,0.46310147868274587,0.4633251497155453
3DE5786D97,2024-11-01,0.14832270589663155,0.1481978597148327,0.14844755207843038
3DE5786D97,2024-12-01,0.0,0.0,0.0
3F9407A8C2,2024-10-01,0.5575483259492285,0.4856382163531423,0.6294584355453148
3F9407A8C2,2024-11-01,0.555949287907158,0.48404870390393984,0.6278498719103762
3F9407A8C2,2024-12-01,0.5543548358759156,0.4824637241567971,0.6262459475950342
3FE023E09E,2024-10-01,0.36540093709388055,0.19281738668576845,0.5379844875019927
3FE023E09E,2024-11-01,0.9212533826334666,0.7304431706351303,1.05
3FE023E09E,2024-12-01,0.11789224369133033,0.0,0.4035854300248352
4018B532A8,2024-10-01,0.25,0.2499980348428622,0.2500019651571378
4018B532A8,2024-11-01,0.25,0.24999722084812356,0.25000277915187646
4018B532A8,2024-12-01,0.25,0.2499965962479925,0.25000340375200747
40876D8589,2024-10-01,0.417,0.41699803480672504,0.4170019651932749
40876D8589,2024-11-01,0.417,0.41699722079701784,0.4170027792029821
40876D8589,2024-12-01,0.417,0.416996596185401,0.41700340381459894
41B1FC479A,2024-10-01,0.9333911339158666,0.7613158451077395,1.05
41B1FC479A,2024-11-01,0.943681453510321,0.7715054001217562,1.05
41B1FC479A,2024-12-01,0.9540852203762442,0.7818062292804504,1.05
41FCF57F43,2024-10-01,0.5829999999999896,0.47949422969225625,0.6865057703077231
41FCF57F43,2024-11-01,0.7500000000000103,0.6464942296922769,0.8535057703077438
41FCF57F43,2024-12-01,0.5829999999999793,0.4366207358469038,0.7293792641530548
424ABA9D67,2024-10-01,0.41699892347213546,0.41699586260618354,0.4170019843380874
424ABA9D67,2024-11-01,0.41699933079117946,0.41699626995582123,0.4170023916265377
424ABA9D67,2024-12-01,0.4169993308019054,0.41699626996654715,0.4170023916372636
4261C5A667,2024-10-01,0.583,0.5829980348428622,0.5830019651571378
4261C5A667,2024-11-01,0.583,0.5829972208481236,0.5830027791518764
4261C5A667,2024-12-01,0.583,0.5829965962479925,0.5830034037520074
428FFBD76A,2024-10-01,0.417,0.416997552486407,0.41700244751359294
428FFBD76A,2024-11-01,0.417,0.41699653869326747,0.4170034613067325
428FFBD76A,2024-12-01,0.417,0.41699576078240647,0.4170042392175935
434671439E,2024-10-01,0.19551477221287683,0.0775565391637493,0.3134730052620044
434671439E,2024-11-01,0.19298431364347504,0.07508891671112927,0.3108797105758208
434671439E,2024-12-01,0.19048660564580236,0.07265246106383819,0.3083207502277665
43B89D891C,2024-10-01,0.583,0.4795040246081365,0.6864959753918634
43B89D891C,2024-11-01,0.583,0.4366345879497946,0.7293654120502053
43B89D891C,2024-12-01,0.583,0.40373971224239424,0.7622602877576057
43B9C1697C,2024-10-01,0.25,0.0,0.5101146346390293
43B9C1697C,2024-11-01,0.25,0.0,0.6178576440782377
43B9C1697C,2024-12-01,0.25,0.0,0.7005317629870143
44A9291640,2024-10-01,0.583,0.4768104247041667,0.6891895752958332
44A9291640,2024-11-01,0.583,0.43282526243399355,0.7331747375660064
44A9291640,2024-12-01,0.583,0.39907426035345583,0.7669257396465441
45F19425EF,2024-10-01,0.5830002643805521,0.5829919291494858,0.5830085996116183
45F19425EF,2024-11-01,0.5830002643805521,0.5829884765837327,0.5830120521773715
45F19425EF,2024-12-01,0.5830002643805521,0.5829858273368524,0.5830147014242517
45FEE5DBC4,2024-10-01,0.417,0.4169980348428622,0.4170019651571378
45FEE5DBC4,2024-11-01,0.417,0.4169972208481235,0.41700277915187645
45FEE5DBC4,2024-12-01,0.417,0.4169965962479925,0.41700340375200745
46F56D0D63,2024-10-01,0.417,0.4169909747304684,0.41700902526953154
46F56D0D63,2024-11-01,0.417,0.4169872363414243,0.41701276365857565
46F56D0D63,2024-12-01,0.417,0.4169843677746193,0.4170156322253807
474B033710,2024-10-01,0.417,0.4169980348428622,0.4170019651571378
474B033710,2024-11-01,0.417,0.4169972208481235,0.41700277915187645
474B033710,2024-12-01,0.417,0.4169965962479925,0.41700340375200745
475ED601EB,2024-10-01,0.6607494327807804,0.5061524153729856,0.8153464501885751
475ED601EB,2024-11-01,0.6634602597222857,0.5088317415978583,0.8180887778467132
475ED601EB,2024-12-01,0.666182208251404,0.5115219369023005,0.8208424796005074
48C1483437,2024-10-01,0.8609893688910975,0.7180462798848357,1.0039324578973592
48C1483437,2024-11-01,0.8573608956797,0.7144452258589002,1.0002765655004997
48C1483437,2024-12-01,0.8537477139670382,0.7108592379082983,0.9966361900257781
48D0F061EB,2024-10-01,0.583,0.5829907927574662,0.5830092072425337
48D0F061EB,2024-11-01,0.583,0.5829869789927368,0.5830130210072632
48D0F061EB,2024-12-01,0.583,0.582984052588134,0.5830159474118659
499F119A8A,2024-10-01,0.7807980616398398,0.6608357943119422,0.9007603289677374
499F119A8A,2024-11-01,0.7929417973815448,0.672876218101949,0.9130073766611406
499F119A8A,2024-12-01,0.8052744043884457,0.6851023675865731,0.9254464411903183
4A3538DDC3,2024-10-01,0.583,0.582998034806725,0.583001965193275
4A3538DDC3,2024-11-01,0.583,0.5829972207970178,0.5830027792029822
4A3538DDC3,2024-12-01,0.583,0.582996596185401,0.5830034038145989
4A42915A44,2024-10-01,0.36392090347359324,0.2590648453817358,0.4687769615654507
4A42915A44,2024-11-01,0.36043253243060625,0.25562750833396297,0.4652375565272495
4A42915A44,2024-12-01,0.3569775992374855,0.2522226596059033,0.46173253886906773
4AD953D850,2024-10-01,0.417,0.4169945771515208,0.4170054228484792
4AD953D850,2024-11-01,0.417,0.416992330934134,0.41700766906586595
4AD953D850,2024-12-01,0.417,0.41699060735091226,0.4170093926490877
4BA62EBC13,2024-10-01,0.624749999999973,0.4526949542978562,0.7968050457020899
4BA62EBC13,2024-11-01,0.7186875000000135,0.5413372182874449,0.8960377817125821
4BA62EBC13,2024-12-01,0.6482343749999679,0.4224121275159363,0.8740566224839996
4BF0C08F5F,2024-10-01,0.38901289771172193,0.3175576103912784,0.46046818503216547
4BF0C08F5F,2024-11-01,0.3872061983966402,0.3157659449113632,0.4586464518819172
4BF0C08F5F,2024-12-01,0.3854078899663706,0.3139825341172533,0.4568332458154879
4C60EE6CA4,2024-10-01,0.583,0.4592963597885429,0.706703640211457
4C60EE6CA4,2024-11-01,0.583,0.40805663429803557,0.7579433657019643
4C60EE6CA4,2024-12-01,0.583,0.36873901007253584,0.7972609899274641
4C8487EFAE,2024-10-01,0.42141826009887934,0.25018798431187284,0.5926485358858858
4C8487EFAE,2024-11-01,0.41880586088329963,0.24762284712628685,0.5899888746403124
4C8487EFAE,2024-12-01,0.4162096561004433,0.24507333304001025,0.5873459791608764
4E5DEDBDDC,2024-10-01,0.583,0.5829980348428622,0.5830019651571378
4E5DEDBDDC,2024-11-01,0.583,0.5829972208481236,0.5830027791518764
4E5DEDBDDC,2024-12-01,0.583,0.5829965962479925,0.5830034037520074
4EE6193540,2024-10-01,0.583,0.43282683713234427,0.7331731628676557
4EE6193540,2024-11-01,0.583,0.37062307636809766,0.7953769236319023
4EE6193540,2024-12-01,0.583,0.3228924519799044,0.8431075480200956
4F374EBA09,2024-10-01,0.6201187405352014,0.5194902436425214,0.7207472374278815
4F374EBA09,2024-11-01,0.6221084860294163,0.521464096860409,0.7227528751984236
4F374EBA09,2024-12-01,0.6241046159253157,0.5234442348640993,0.7247649969865322
4F4288168A,2024-10-01,0.417,0.4169980348428622,0.4170019651571378
4F4288168A,2024-11-01,0.417,0.4169972208481235,0.41700277915187645
4F4288168A,2024-12-01,0.417,0.4169965962479925,0.41700340375200745
4F68679BB6,2024-10-01,0.417,0.41699021250545293,0.41700978749454704
4F68679BB6,2024-11-01,0.417,0.4169861583924699,0.4170138416075301
4F68679BB6,2024-12-01,0.417,0.41698304756216564,0.4170169524378343
4F91DC078E,2024-10-01,0.417,0.4169902210521563,0.4170097789478437
4F91DC078E,2024-11-01,0.417,0.4169861704793337,0.4170138295206663
4F91DC078E,2024-12-01,0.417,0.4169830623654901,0.41701693763450987
502658D9C9,2024-09-01,0.75,0.7499980348428622,0.7500019651571378
502658D9C9,2024-10-01,0.75,0.7499972208481236,0.7500027791518764
502658D9C9,2024-11-01,0.75,0.7499965962479925,0.7500034037520075
502C539374,2024-10-01,0.7458146627869442,0.6144444231600789,0.8771849024138095
502C539374,2024-11-01,0.7446349883712998,0.6132744792188587,0.875995497523741
502C539374,2024-12-01,0.7434571798773064,0.6121063711591656,0.8748079885954473
50A2E31DF5,2024-10-01,0.5677087478368976,0.49358673481961324,0.641830760854182
50A2E31DF5,2024-11-01,0.5670487446089656,0.49293078486191766,0.6411667043560135
50A2E31DF5,2024-12-01,0.5663895086833916,0.4922755930085082,0.6405034243582749
50A34DE644,2024-10-01,0.417,0.41699021356682237,0.4170097864331776
50A34DE644,2024-11-01,0.417,0.41698615989347293,0.41701384010652703
50A34DE644,2024-12-01,0.417,0.4169830494005115,0.41701695059948846
50BB2EA330,2024-10-01,0.25,0.1438146268351381,0.3561853731648619
50BB2EA330,2024-11-01,0.25,0.0998312051446042,0.4001687948553958
50BB2EA330,2024-12-01,0.25,0.06608153865779834,0.4339184613422017
50FC72558D,2024-10-01,0.45388888888877066,0.2945763159527721,0.6132014618247692
50FC72558D,2024-11-01,0.5543086419753743,0.39110982544327066,0.717507458507478
50FC72558D,2024-12-01,0.4762043895746111,0.26644488687322987,0.6859638922759923
5113D031FD,2024-10-01,0.7127400421392459,0.584696635765947,0.8407834485125448
5113D031FD,2024-11-01,0.7100639093315048,0.5820424955792293,0.8380853230837803
5113D031FD,2024-12-01,0.7073978246287966,0.5793982423920735,0.8353974068655198
535999101E,2024-10-01,0.2917499997772193,0.150004434294526,0.4334955652599126
535999101E,2024-11-01,0.2917499997772193,0.15000443426201043,0.4334955652924282
535999101E,2024-12-01,0.2917499997772193,0.15000443422949486,0.4334955653249438
5595AE45A8,2024-10-01,0.583,0.5829980348428622,0.5830019651571378
5595AE45A8,2024-11-01,0.583,0.5829972208481236,0.5830027791518764
5595AE45A8,2024-12-01,0.583,0.5829965962479925,0.5830034037520074
5653B531F7,2024-10-01,0.5892051811866208,0.4434107653754936,0.734999596997748
5653B531F7,2024-11-01,0.5977324073431484,0.451822292406141,0.7436425222801557
5653B531F7,2024-12-01,0.6063830431169813,0.4603539516439601,0.7524121345900026
56AB36BDAF,2024-10-01,0.917,0.9169785739012845,0.9170214260987156
56AB36BDAF,2024-11-01,0.917,0.9169696989206078,0.9170303010793923
56AB36BDAF,2024-12-01,0.917,0.9169628889084166,0.9170371110915835
56CCDF6E4B,2024-10-01,0.583,0.4422549555156188,0.7237450444843812
56CCDF6E4B,2024-11-01,0.583,0.43882164502585497,0.727178354974145
56CCDF6E4B,2024-12-01,0.583,0.39768750397630825,0.7683124960236917
572B665575,2024-10-01,0.417,0.4169980348428622,0.4170019651571378
572B665575,2024-11-01,0.417,0.4169972208481235,0.41700277915187645
572B665575,2024-12-01,0.417,0.4169965962479925,0.41700340375200745
57DEE6D415,2024-10-01,0.917,0.916998034806725,0.917001965193275
57DEE6D415,2024-11-01,0.917,0.9169972207970178,0.9170027792029822
57DEE6D415,2024-12-01,0.917,0.9169965961854011,0.917003403814599
58B1DEEE5D,2024-10-01,0.75,0.7499978226346324,0.7500021773653676
58B1DEEE5D,2024-11-01,0.75,0.7499969207404064,0.7500030792595936
58B1DEEE5D,2024-12-01,0.75,0.7499962286926211,0.7500037713073789
58C2DD4547,2024-10-01,0.31679999999994146,0.16290928893023396,0.470690711069649
58C2DD4547,2024-11-01,0.3769200000000117,0.21117463172053313,0.5426653682794902
58C2DD4547,2024-12-01,0.34084799999994847,0.1379922556472994,0.5437037443525976
58D324F8BD,2024-10-01,0.4169997395236851,0.4169914192340984,0.41700805981327177
58D324F8BD,2024-11-01,0.417,0.41698823333362367,0.4170117666663763
58D324F8BD,2024-12-01,0.417,0.4169855888357022,0.41701441116429777
591CBB3B43,2024-10-01,0.583,0.5829980348428622,0.5830019651571378
591CBB3B43,2024-11-01,0.583,0.5829972208481236,0.5830027791518764
591CBB3B43,2024-12-01,0.583,0.5829965962479925,0.5830034037520074
5974B075AD,2024-10-01,0.583,0.43282683713234044,0.7331731628676594
5974B075AD,2024-11-01,0.583,0.37062307636809216,0.7953769236319077
5974B075AD,2024-12-01,0.583,0.32289245197989774,0.8431075480201022
598E46F283,2024-10-01,0.583,0.582998034806725,0.583001965193275
598E46F283,2024-11-01,0.583,0.5829972207970178,0.5830027792029822
598E46F283,2024-12-01,0.583,0.582996596185401,0.5830034038145989
5A0D48A713,2024-10-01,0.583,0.5829980348428622,0.5830019651571378
5A0D48A713,2024-11-01,0.583,0.5829972208481236,0.5830027791518764
5A0D48A713,2024-12-01,0.583,0.5829965962479925,0.5830034037520074
5A51AD1FF1,2024-10-01,0.36082217656766147,0.19962285756876516,0.5220214955665577
5A51AD1FF1,2024-11-01,0.36082217656766147,0.16740127674702152,0.5542430763883014
5A51AD1FF1,2024-12-01,0.36082217656766147,0.13982880895418728,0.5818155441811357
5A5B5CC478,2024-10-01,0.417,0.26336333048802774,0.5706366695119722
5A5B5CC478,2024-11-01,0.417,0.23790603586615724,0.5960939641338427
5A5B5CC478,2024-12-01,0.417,0.2032206462902107,0.6307793537097892
5AD0940FDD,2024-10-01,0.5039369245756617,0.37021996065249974,0.6376538884988238
5AD0940FDD,2024-11-01,0.49612218331852076,0.36257776154027815,0.6296666050967634
5AD0940FDD,2024-12-01,0.48842862822166655,0.35505165173775854,0.6218056047055746
5B0E07A8BA,2024-10-01,0.917,0.9169980348428622,0.9170019651571378
5B0E07A8BA,2024-11-01,0.917,0.9169972208481236,0.9170027791518764
5B0E07A8BA,2024-12-01,0.917,0.9169965962479926,0.9170034037520075
5B110F468D,2024-10-01,0.35020000004584756,0.17896622407305343,0.5214337760186417
5B110F468D,2024-11-01,0.37692000002750853,0.17722881792117548,0.5766111821338415
5B110F468D,2024-12-01,0.36623200003484413,0.127878520346854,0.6045854797228343
5B1F2A7BA9,2024-10-01,0.583,0.582998034806725,0.583001965193275
5B1F2A7BA9,2024-11-01,0.583,0.5829972207970178,0.5830027792029822
5B1F2A7BA9,2024-12-01,0.583,0.582996596185401,0.5830034038145989
5B5AE038F6,2024-10-01,0.417,0.4169902176008293,0.41700978239917064
5B5AE038F6,2024-11-01,0.417,0.41698616559842033,0.41701383440157963
5B5AE038F6,2024-12-01,0.417,0.4169830563876165,0.41701694361238345
5BB5DF8D62,2024-10-01,0.417,0.2444996522129095,0.5895003477870905
5BB5DF8D62,2024-11-01,0.417,0.17304766864542093,0.6609523313545791
5BB5DF8D62,2024-12-01,0.417,0.1182206333094577,0.7157793666905423
5BC9440DAF,2024-10-01,0.4169999999999999,0.24930130812083962,0.5846986918791602
5BC9440DAF,2024-11-01,0.4169999999999999,0.17983823555226458,0.6541617644477353
5BC9440DAF,2024-12-01,0.4169999999999999,0.12653734530245597,0.7074626546975439
5BE0890F4A,2024-10-01,0.4949565890327605,0.34446601221088535,0.6454471658546357
5BE0890F4A,2024-11-01,0.49150393533577147,0.3410596931967741,0.6419481774747688
5BE0890F4A,2024-12-01,0.4880753662106731,0.3376768285567595,0.6384739038645867
5BFB461F3A,2024-10-01,0.41699999417503325,0.4169976944010627,0.4170022939490038
5BFB461F3A,2024-11-01,0.417,0.41699674762846045,0.4170032523715395
5BFB461F3A,2024-12-01,0.41699999417503325,0.4169960108496703,0.4170039775003962
5D86802675,2024-10-01,0.39850260179846353,0.25344201171390957,0.5435631918830175
5D86802675,2024-11-01,0.40760509261334893,0.2623490091637383,0.5528611760629596
5D86802675,2024-12-01,0.41691550011098905,0.2714551717091802,0.5623758285127979
5D9E5F8645,2024-10-01,0.417,0.416996990917264,0.41700300908273596
5D9E5F8645,2024-11-01,0.417,0.4169957445143844,0.41700425548561554
5D9E5F8645,2024-12-01,0.583000939912838,0.5829957280286551,0.5830061517970209
5DC3FB1D5F,2024-10-01,0.417,0.4169980348428622,0.4170019651571378
5DC3FB1D5F,2024-11-01,0.417,0.4169972208481235,0.41700277915187645
5DC3FB1D5F,2024-12-01,0.417,0.4169965962479925,0.41700340375200745
5DEC65272B,2024-10-01,0.41700028046839466,0.4169920930580029,0.4170084678787864
5DEC65272B,2024-11-01,0.41700028046839466,0.41698870172157787,0.41701185921521144
5DEC65272B,2024-12-01,0.41700028046839466,0.41698609945761367,0.41701446147917565
5E30D7653F,2024-10-01,0.254537944029721,0.11575174406486674,0.39332414399457527
5E30D7653F,2024-11-01,0.262521226931838,0.1157743724892763,0.4092680813743997
5E30D7653F,2024-12-01,0.2707548961020541,0.11598898560951004,0.4255208065945982
5E5092A910,2024-10-01,0.7088027993360957,0.6110994388268539,0.8065061598453375
5E5092A910,2024-11-01,0.7050307825357962,0.607350800525371,0.8027107645462214
5E5092A910,2024-12-01,0.7012788391758882,0.6036219930087892,0.7989356853429872
5EB844551A,2024-10-01,0.5829997283346068,0.5829918354084495,0.5830076212607641
5EB844551A,2024-11-01,0.5829997283346068,0.5829885660513883,0.5830108906178253
5EB844551A,2024-12-01,0.5829997283346068,0.5829860573854819,0.5830133992837316
5F2DDA0178,2024-10-01,0.41700000000000004,0.157403618005652,0.6765963819943481
5F2DDA0178,2024-11-01,0.41700000000000004,0.049875275840606303,0.7841247241593938
5F2DDA0178,2024-12-01,0.41700000000000004,0.0,0.8666341230752693
5FCE089938,2024-10-01,0.4644285714285546,0.3073520751579743,0.6215050676991349
5FCE089938,2024-11-01,0.5491224489795989,0.38576042699774815,0.7124844709614497
5FCE089938,2024-12-01,0.4886268221574158,0.28291545216584746,0.6943381921489842
6010892CCE,2024-10-01,0.417,0.41699021356682237,0.4170097864331776
6010892CCE,2024-11-01,0.417,0.41698615989347293,0.41701384010652703
6010892CCE,2024-12-01,0.417,0.4169830494005115,0.41701695059948846
60334AB92C,2024-10-01,0.15626914997849906,0.007140874384228585,0.3053974255727695
60334AB92C,2024-11-01,0.15281464525597546,0.0038069634998277313,0.3018223270121232
60334AB92C,2024-12-01,0.1494365062325011,0.0005442368835787414,0.29832877558142346
613B8B6375,2024-10-01,0.583,0.5829980348428622,0.5830019651571378
613B8B6375,2024-11-01,0.583,0.5829972208481236,0.5830027791518764
613B8B6375,2024-12-01,0.583,0.5829965962479925,0.5830034037520074
61472439B5,2024-10-01,0.917,0.9169980348428622,0.9170019651571378
61472439B5,2024-11-01,0.917,0.9169972208481236,0.9170027791518764
61472439B5,2024-12-01,0.917,0.9169965962479926,0.9170034037520075
61574AF3E1,2024-10-01,0.583,0.5829980348428622,0.5830019651571378
61574AF3E1,2024-11-01,0.583,0.5829972208481236,0.5830027791518764
61574AF3E1,2024-12-01,0.583,0.5829965962479925,0.5830034037520074
61A3133822,2024-10-01,0.917,0.9169980348428622,0.9170019651571378
61A3133822,2024-11-01,0.917,0.9169972208481236,0.9170027791518764
61A3133822,2024-12-01,0.917,0.9169965962479926,0.9170034037520075
62DCAD38F6,2024-10-01,0.5829997283346068,0.5829918354084495,0.5830076212607641
62DCAD38F6,2024-11-01,0.5829997283346068,0.5829885660513883,0.5830108906178253
62DCAD38F6,2024-12-01,0.5829997283346068,0.5829860573854819,0.5830133992837316
62EF38C706,2024-10-01,0.417,0.30127833163475193,0.532721668365248
62EF38C706,2024-11-01,0.417,0.25334484713742456,0.5806551528625754
62EF38C706,2024-12-01,0.417,0.21656419085475423,0.6174358091452458
63064A8A5C,2024-10-01,0.07341102489635033,0.0,0.17908594957361762
63064A8A5C,2024-11-01,0.063722117423696,0.0,0.2139388320749928
63064A8A5C,2024-12-01,0.05531196785077404,0.0,0.2318136808702243
63135A8618,2024-04-01,0.583,0.5829980348428622,0.5830019651571378
63135A8618,2024-05-01,0.583,0.5829972208481236,0.5830027791518764
63135A8618,2024-06-01,0.583,0.5829965962479925,0.5830034037520074
64477AD191,2024-08-01,0.583,0.5829980348428622,0.5830019651571378
64477AD191,2024-09-01,0.583,0.5829972208481236,0.5830027791518764
64477AD191,2024-10-01,0.583,0.5829965962479925,0.5830034037520074
652AA8E8C5,2024-10-01,0.583,0.4866399847417224,0.6793600152582776
652AA8E8C5,2024-11-01,0.583,0.4814276255239681,0.6845723744760318
652AA8E8C5,2024-12-01,0.583,0.45677024166916846,0.7092297583308315
655851E372,2024-10-01,0.583,0.5829980348428622,0.5830019651571378
655851E372,2024-11-01,0.583,0.5829972208481236,0.5830027791518764
655851E372,2024-12-01,0.583,0.5829965962479925,0.5830034037520074
667F7D3E48,2024-10-01,0.4169250004840329,0.32040314357652067,0.5134468573915452
667F7D3E48,2024-11-01,0.41696249998863083,0.31112339507807174,0.5228016048991899
667F7D3E48,2024-12-01,0.41694375036302384,0.307879139601029,0.5260083611250187
674011F2F1,2024-10-01,0.5534742596799329,0.42855326923564574,0.6783952501242201
674011F2F1,2024-11-01,0.5452896990930558,0.42044303802388133,0.6701363601622302
674011F2F1,2024-12-01,0.5372261685826976,0.4124516971831168,0.6620006399822783
67551595FA,2024-10-01,0.25,0.2499980348428622,0.2500019651571378
67551595FA,2024-11-01,0.25,0.24999722084812356,0.25000277915187646
67551595FA,2024-12-01,0.25,0.2499965962479925,0.25000340375200747
6779202960,2024-10-01,0.75,0.7499978944485111,0.7500021055514889
6779202960,2024-11-01,0.75,0.7499970223005281,0.7500029776994719
6779202960,2024-12-01,0.75,0.7499963530778433,0.7500036469221567
6810C7C7CE,2024-10-01,0.7257765413618698,0.580411622110435,0.8711414606133046
6810C7C7CE,2024-11-01,0.7257765413618698,0.5760950542031323,0.8754580285206072
6810C7C7CE,2024-12-01,0.7257765413618698,0.5718995273307729,0.8796535553929666
6930EE8A71,2024-10-01,0.083,0.08299803484286222,0.08300196515713779
6930EE8A71,2024-11-01,0.083,0.08299722084812355,0.08300277915187645
6930EE8A71,2024-12-01,0.083,0.08299659624799251,0.0830034037520075
693A6576E9,2024-10-01,0.417,0.4169980348428622,0.4170019651571378
693A6576E9,2024-11-01,0.417,0.4169972208481235,0.41700277915187645
693A6576E9,2024-12-01,0.417,0.4169965962479925,0.41700340375200745
69756C0A85,2024-10-01,0.7499990618395369,0.7499892818638455,0.7500088418152283
69756C0A85,2024-11-01,0.7499990618395369,0.7499852308652745,0.7500128928137993
69756C0A85,2024-12-01,0.7499995323284178,0.7499825929136235,0.7500164717432121
6A584E1D14,2024-10-01,0.5830000131074039,0.5829974028599529,0.5830026233548549
6A584E1D14,2024-11-01,0.5830000131074039,0.5829973043428452,0.5830027218719626
6A584E1D14,2024-12-01,0.5830000131074039,0.5829972092851712,0.5830028169296366
6B31815A9D,2024-10-01,0.583,0.5829980348428622,0.5830019651571378
6B31815A9D,2024-11-01,0.583,0.5829972208481236,0.5830027791518764
6B31815A9D,2024-12-01,0.583,0.5829965962479925,0.5830034037520074
6B61E9F331,2024-10-01,0.41705753234151316,0.41701658868825214,0.4170984759947742
6B61E9F331,2024-11-01,0.41705753234151544,0.4169959472959986,0.4171191173870323
6B61E9F331,2024-12-01,0.41705753225512093,0.416980661889513,0.4171344026207289
6B62F6001E,2024-10-01,0.5130175906755942,0.37725780512213924,0.6487773762290491
6B62F6001E,2024-11-01,0.5186287942260366,0.3827902016997483,0.6544673867523249
6B62F6001E,2024-12-01,0.524301371120896,0.3883822854802514,0.6602204567615406
6B7B1EE6FA,2024-10-01,0.686660508290206,0.526481446568363,0.8468395700120489
6B7B1EE6FA,2024-11-01,0.686660508290206,0.5260597132598385,0.8472613033205735
6B7B1EE6FA,2024-12-01,0.686660508290206,0.5256390845147274,0.8476819320656845
6B99F5A278,2024-10-01,0.75,0.6125079413708108,0.8874920586291892
6B99F5A278,2024-11-01,0.75,0.5555568659680039,0.9444431340319961
6B99F5A278,2024-12-01,0.75,0.5118567688170054,0.9881432311829946
6C347DBCB1,2024-10-01,0.083,0.08299803484286222,0.08300196515713779
6C347DBCB1,2024-11-01,0.083,0.08299722084812355,0.08300277915187645
6C347DBCB1,2024-12-01,0.083,0.08299659624799251,0.0830034037520075
6C3AFD20C1,2024-10-01,0.583,0.5829977856206,0.5830022143793999
6C3AFD20C1,2024-11-01,0.583,0.5829968683947002,0.5830031316052997
6C3AFD20C1,2024-12-01,0.583,0.5829961645825025,0.5830038354174975
6CB3606866,2024-10-01,0.083,0.08299803484286222,0.08300196515713779
6CB3606866,2024-11-01,0.083,0.08299722084812355,0.08300277915187645
6CB3606866,2024-12-01,0.083,0.08299659624799251,0.0830034037520075
6D331F1EE9,2024-10-01,0.583,0.5829902210521563,0.5830097789478437
6D331F1EE9,2024-11-01,0.583,0.5829861704793335,0.5830138295206664
6D331F1EE9,2024-12-01,0.583,0.58298306236549,0.5830169376345099
6DF56DD3F4,2024-10-01,0.417,0.2668268371323257,0.5671731628676743
6DF56DD3F4,2024-11-01,0.417,0.20462307636807134,0.6293769236319287
6DF56DD3F4,2024-12-01,0.417,0.15689245197987217,0.6771075480201278
6DFE8B7651,2024-10-01,0.3091299247150132,0.21599047457197773,0.4022693748580487
6DFE8B7651,2024-11-01,0.3136132303539419,0.22039969022396566,0.40682677048391813
6DFE8B7651,2024-12-01,0.31816155729247647,0.22487182398577865,0.4114512905991743
6F17AD6277,2024-10-01,0.44146358321787216,0.29902201786391236,0.583905148571832
6F17AD6277,2024-11-01,0.44146358321787216,0.29821192199263474,0.5847152444431096
6F17AD6277,2024-12-01,0.44146358321787216,0.29740638156833993,0.5855207848674044
6FB12F3636,2024-10-01,0.75,0.749998034806725,0.750001965193275
6FB12F3636,2024-11-01,0.75,0.7499972207970178,0.7500027792029822
6FB12F3636,2024-12-01,0.75,0.749996596185401,0.750003403814599
6FE0E66A8A,2024-10-01,0.417,0.4169980348428622,0.4170019651571378
6FE0E66A8A,2024-11-01,0.417,0.4169972208481235,0.41700277915187645
6FE0E66A8A,2024-12-01,0.417,0.4169965962479925,0.41700340375200745
7069AC584A,2024-10-01,0.583,0.5829953175006697,0.5830046824993302
7069AC584A,2024-11-01,0.583,0.5829933779459412,0.5830066220540587
7069AC584A,2024-12-01,0.583,0.5829918896732534,0.5830081103267465
70F032FFD5,2024-10-01,0.7499939827185855,0.7499660273327525,0.7500219381044185
70F032FFD5,2024-11-01,0.7499962669578102,0.7499683116231965,0.7500242222924238
70F032FFD5,2024-12-01,0.7499962669688309,0.7499683116342173,0.7500242223034446
7162A93F6B,2024-10-01,0.31977384248525864,0.1723698403107009,0.4671778446598164
7162A93F6B,2024-11-01,0.3968355708206159,0.24629475722141553,0.5473763844198163
7162A93F6B,2024-12-01,0.480523125948483,0.2860130366980837,0.6750332151988823
71C48EDE85,2024-10-01,0.583,0.5829953175006697,0.5830046824993302
71C48EDE85,2024-11-01,0.583,0.5829933779459412,0.5830066220540587
71C48EDE85,2024-12-01,0.583,0.5829918896732534,0.5830081103267465
72AA2FB49E,2024-10-01,0.25,0.2499980348428622,0.2500019651571378
72AA2FB49E,2024-11-01,0.25,0.24999722084812356,0.25000277915187646
72AA2FB49E,2024-12-01,0.25,0.2499965962479925,0.25000340375200747
730914BE0E,2024-10-01,0.75,0.6199462840687374,0.8800537159312626
730914BE0E,2024-11-01,0.75,0.5660762710929906,0.9339237289070094
730914BE0E,2024-12-01,0.75,0.5247403562939233,0.9752596437060767
7439039EF1,2024-10-01,0.2025291931648669,0.08236689741343778,0.322691488916296
7439039EF1,2024-11-01,0.20055434462771374,0.08044214166989423,0.32066654758553326
7439039EF1,2024-12-01,0.198598752705786,0.07853569069680101,0.318661814714771
75296C3F60,2024-10-01,0.543115243000427,0.42221288060329976,0.6640176053975543
75296C3F60,2024-11-01,0.541715537145219,0.4208276114419962,0.6626034628484418
75296C3F60,2024-12-01,0.5403194385842389,0.41944587696985786,0.6611930001986199
75E1602760,2024-10-01,0.933387732030018,0.7929762198607189,1.05
75E1602760,2024-11-01,0.9500406226774899,0.8094142249245223,1.05
75E1602760,2024-12-01,0.9669906232583798,0.8261419495817302,1.05
770A25491E,2024-10-01,0.25,0.1163648223327671,0.3836351776672329
770A25491E,2024-11-01,0.25,0.06101131933286108,0.4389886806671389
770A25491E,2024-12-01,0.25,0.018537082601858823,0.4814629173981412
770CC873E4,2024-10-01,0.5772806862370192,0.4633901872589565,0.691171185215082
770CC873E4,2024-11-01,0.5695341594622791,0.44886471162393815,0.6902036073006201
770CC873E4,2024-12-01,0.5618915832933751,0.43497114534758713,0.6888120212391631
77B5670808,2024-10-01,0.47504999884415766,0.2815174744604092,0.6685825232279061
77B5670808,2024-11-01,0.47504999884415766,0.2815174743299559,0.6685825233583594
77B5670808,2024-12-01,0.47504999884415766,0.2815174741995027,0.6685825234888126
77DBEC55AD,2024-10-01,0.473532905092143,0.34997855716084014,0.5970872530234459
77DBEC55AD,2024-11-01,0.467635579362662,0.34414493889880926,0.5911262198265147
77DBEC55AD,2024-12-01,0.46181169826688134,0.338383220011854,0.5852401765219086
7829A485F0,2024-10-01,0.583,0.43372609840514054,0.7322739015948594
7829A485F0,2024-11-01,0.583,0.37189482385620304,0.7941051761437969
7829A485F0,2024-12-01,0.583,0.32445001819366664,0.8415499818063332
79892ACBB1,2024-10-01,0.25,0.2499980348428622,0.2500019651571378
79892ACBB1,2024-11-01,0.25,0.24999722084812356,0.25000277915187646
79892ACBB1,2024-12-01,0.25,0.2499965962479925,0.25000340375200747
79DB6DBBB4,2024-10-01,0.5829995398294875,0.58298975339631,0.583009326262665
79DB6DBBB4,2024-11-01,0.5829995398294875,0.5829856997229607,0.5830133799360143
79DB6DBBB4,2024-12-01,0.583,0.5829830494005117,0.5830169505994882
79EBBF0E89,2024-09-01,0.417,0.41698468932152716,0.4170153106784728
79EBBF0E89,2024-10-01,0.417,0.4169783474308546,0.41702165256914536
79EBBF0E89,2024-11-01,0.417,0.41697348112698673,0.41702651887301323
79F7BABD3E,2024-10-01,0.4169996517417044,0.41698992581802574,0.41700937766538304
79F7BABD3E,2024-11-01,0.4169996517417044,0.41698589720853146,0.4170134062748773
79F7BABD3E,2024-12-01,0.4169996517417044,0.41698280594774245,0.41701649753566633
7A29E2FB9F,2024-10-01,0.25,0.2499804003601546,0.2500195996398454
7A29E2FB9F,2024-11-01,0.25,0.249972281923513,0.250027718076487
7A29E2FB9F,2024-12-01,0.25,0.2499660524279777,0.2500339475720223
7AFF6C86CE,2024-10-01,0.6581499997405673,0.4913957891496572,0.8249042103314774
7AFF6C86CE,2024-11-01,0.6581499997405673,0.49139578907957526,0.8249042104015594
7AFF6C86CE,2024-12-01,0.6581499997405673,0.49139578900949343,0.8249042104716412
7B038FEF47,2024-10-01,0.417,0.2869462840686293,0.5470537159313706
7B038FEF47,2024-11-01,0.417,0.2330762710928378,0.6009237289071622
7B038FEF47,2024-12-01,0.417,0.19174035629373615,0.6422596437062638
7D812F3CC3,2024-10-01,0.25,0.2499980348428622,0.2500019651571378
7D812F3CC3,2024-11-01,0.25,0.24999722084812356,0.25000277915187646
7D812F3CC3,2024-12-01,0.25,0.2499965962479925,0.25000340375200747
7E1DD52BF1,2024-09-01,0.583,0.5829980348428622,0.5830019651571378
7E1DD52BF1,2024-10-01,0.583,0.5829972208481236,0.5830027791518764
7E1DD52BF1,2024-11-01,0.583,0.5829965962479925,0.5830034037520074
7E63F9E0CF,2024-10-01,0.917,0.8225223891118632,1.011477610888137
7E63F9E0CF,2024-11-01,0.917,0.7833884813413889,1.05
7E63F9E0CF,2024-12-01,0.917,0.7533599777640245,1.05
7E78A7C976,2024-10-01,0.417,0.4169980348428622,0.4170019651571378
7E78A7C976,2024-11-01,0.417,0.4169972208481235,0.41700277915187645
7E78A7C976,2024-12-01,0.417,0.4169965962479925,0.41700340375200745
80012F987D,2024-10-01,0.583,0.5829980348428622,0.5830019651571378
80012F987D,2024-11-01,0.583,0.5829972208481236,0.5830027791518764
80012F987D,2024-12-01,0.583,0.5829965962479925,0.5830034037520074
809BEAA13A,2024-10-01,0.583,0.5829980348428622,0.5830019651571378
809BEAA13A,2024-11-01,0.583,0.5829972208481236,0.5830027791518764
809BEAA13A,2024-12-01,0.583,0.5829965962479925,0.5830034037520074
80E637212D,2024-10-01,0.9126803568641356,0.759921888427025,1.05
80E637212D,2024-11-01,0.9180585391381415,0.7652545601643432,1.05
80E637212D,2024-12-01,0.9234684136079473,0.7706183999459941,1.05
8177FA0EF1,2024-10-01,0.583,0.5829980348428622,0.5830019651571378
8177FA0EF1,2024-11-01,0.583,0.5829972208481236,0.5830027791518764
8177FA0EF1,2024-12-01,0.583,0.5829965962479925,0.5830034037520074
81A9553F88,2024-10-01,0.583,0.5829980348428622,0.5830019651571378
81A9553F88,2024-11-01,0.583,0.5829972208481236,0.5830027791518764
81A9553F88,2024-12-01,0.583,0.5829965962479925,0.5830034037520074
81C425F47D,2024-10-01,0.7796334576125274,0.6473209261278675,0.9119459890971874
81C425F47D,2024-11-01,0.7913849125924118,0.6589040454880472,0.9238657796967765
81C425F47D,2024-12-01,0.8033134978542201,0.670659405667467,0.9359675900409733
82090124F0,2024-10-01,0.417,0.2746645654256714,0.5593354345743285
82090124F0,2024-11-01,0.417,0.272331042129467,0.561668957870533
82090124F0,2024-12-01,0.417,0.22829591154941845,0.6057040884505815
831DD29FAB,2024-10-01,0.5166000110130317,0.35365999335394227,0.679540028672121
831DD29FAB,2024-11-01,0.5166000110130317,0.35365999262002557,0.6795400294060377
831DD29FAB,2024-12-01,0.5166000110130317,0.35365999188610897,0.6795400301399543
842D25724F,2024-10-01,0.083,0.08299064069448565,0.08300935930551435
842D25724F,2024-11-01,0.083,0.08298676394320721,0.0830132360567928
842D25724F,2024-12-01,0.083,0.08298378920732558,0.08301621079267443
8532D4C362,2024-10-01,0.583,0.5829978388989357,0.5830021611010642
8532D4C362,2024-11-01,0.583,0.5829969437415652,0.5830030562584347
8532D4C362,2024-12-01,0.583,0.5829962568631564,0.5830037431368436
86129404BB,2024-10-01,0.25,0.11994628406874128,0.3800537159312587
86129404BB,2024-11-01,0.25,0.06607627109299608,0.4339237289070039
86129404BB,2024-12-01,0.25,0.024740356293929955,0.47525964370607005
869C372EFC,2024-10-01,0.7767612965415195,0.6741494047343433,0.8793731883486957
869C372EFC,2024-11-01,0.7777280787317054,0.675110025460039,0.8803461320033718
869C372EFC,2024-12-01,0.7786960642102211,0.6760718344983164,0.8813202939221257
895BBD5C5B,2024-10-01,0.25,0.2499804003601546,0.2500195996398454
895BBD5C5B,2024-11-01,0.25,0.249972281923513,0.250027718076487
895BBD5C5B,2024-12-01,0.25,0.2499660524279777,0.2500339475720223
89D3C820E9,2024-10-01,0.5829966502090005,0.5829735795522422,0.5830197208657588
89D3C820E9,2024-11-01,0.5829979266067048,0.5829748557551108,0.5830209974582988
89D3C820E9,2024-12-01,0.5829979265783996,0.5829748557268055,0.5830209974299936
89F36844AE,2024-10-01,0.5829997395236851,0.5829914192340985,0.5830080598132718
89F36844AE,2024-11-01,0.5829997395236851,0.5829879728573087,0.5830115061900615
89F36844AE,2024-12-01,0.5829997395236851,0.5829853283593873,0.5830141506879829
8A5378CE22,2024-10-01,0.75,0.6749081442502985,0.8250918557497015
8A5378CE22,2024-11-01,0.75,0.643804079175008,0.856195920824992
8A5378CE22,2024-12-01,0.75,0.6199370906068838,0.8800629093931162
8B23667254,2024-10-01,0.3237609566850959,0.1876948214045938,0.459827091965598
8B23667254,2024-11-01,0.31934771390566696,0.18335727952301945,0.4553381482883145
8B23667254,2024-12-01,0.3149946288179795,0.1790778860802602,0.4509113715556988
8BA83008CB,2024-10-01,0.583,0.43327579279563416,0.7327242072043658
8BA83008CB,2024-11-01,0.583,0.37125799555602634,0.7947420044439736
8BA83008CB,2024-12-01,0.583,0.3236700659990683,0.8423299340009316
8BFDD0339E,2024-10-01,0.5633202536372766,0.4304872061307877,0.6961533011437654
8BFDD0339E,2024-11-01,0.5467472328565054,0.4142123036468285,0.6792821620661823
8BFDD0339E,2024-12-01,0.5306617944341288,0.3984083148206128,0.6629152740476447
8C96D7ED90,2024-10-01,0.611190553517305,0.5395397850026062,0.6828413220320038
8C96D7ED90,2024-11-01,0.6131240269397993,0.541462107099986,0.6847859467796126
8C96D7ED90,2024-12-01,0.6150636168172255,0.5433904767388,0.6867367568956511
8DDCE4944D,2024-10-01,0.583,0.582997996705453,0.5830020032945469
8DDCE4944D,2024-11-01,0.583,0.5829971669136823,0.5830028330863176
8DDCE4944D,2024-12-01,0.583,0.5829965301920622,0.5830034698079377
8E3B9888E3,2024-10-01,0.5383108356447445,0.4013454225081827,0.6752762487813062
8E3B9888E3,2024-11-01,0.5458335155437908,0.4087636235838325,0.682903407503749
8E3B9888E3,2024-12-01,0.5534613219034549,0.41628409358193036,0.6906385502249794
9.97E+102,2024-10-01,0.6019438779127674,0.4475242748597884,0.7563634809657463
9.97E+102,2024-11-01,0.5962204575656758,0.44186380400364167,0.7505771111277099
9.97E+102,2024-12-01,0.5905514568109606,0.4362565863122815,0.7448463273096396
9042A5401C,2024-10-01,0.583,0.5829975501826202,0.5830024498173797
9042A5401C,2024-11-01,0.583,0.5829965354351188,0.5830034645648812
9042A5401C,2024-12-01,0.583,0.5829957567919638,0.5830042432080361
90644ECF42,2024-09-01,0.75,0.7499980348428622,0.7500019651571378
90644ECF42,2024-10-01,0.75,0.7499972208481236,0.7500027791518764
90644ECF42,2024-11-01,0.75,0.7499965962479925,0.7500034037520075
9218EE2A57,2024-10-01,0.417,0.4169980348428622,0.4170019651571378
9218EE2A57,2024-11-01,0.417,0.4169972208481235,0.41700277915187645
9218EE2A57,2024-12-01,0.417,0.4169965962479925,0.41700340375200745
943BBD5F30,2024-10-01,0.75,0.6438104247042197,0.8561895752957803
943BBD5F30,2024-11-01,0.75,0.5998252624340685,0.9001747375659315
943BBD5F30,2024-12-01,0.75,0.5660742603535476,0.9339257396464524
94502BA9DC,2024-10-01,0.583,0.3715734026903489,0.794426597309651
94502BA9DC,2024-11-01,0.583,0.2839976386382965,0.8820023613617034
94502BA9DC,2024-12-01,0.583,0.21679839138827905,0.9492016086117209
95C390B637,2024-10-01,0.417,0.4169978410363394,0.41700215896366055
95C390B637,2024-11-01,0.417,0.4169969467647293,0.41700305323527065
95C390B637,2024-12-01,0.417,0.41699626056593203,0.41700373943406793
9643B485DF,2024-10-01,0.583,0.5829980348428622,0.5830019651571378
9643B485DF,2024-11-01,0.583,0.5829972208481236,0.5830027791518764
9643B485DF,2024-12-01,0.583,0.5829965962479925,0.5830034037520074
966680A20F,2024-10-01,0.25,0.08420360944294575,0.41579639055705425
966680A20F,2024-11-01,0.25,0.07292937726505852,0.42707062273494145
966680A20F,2024-12-01,0.25,0.032130254227269256,0.46786974577273077
96728A7226,2024-10-01,0.5979830045965344,0.45583471205892623,0.7401312971341426
96728A7226,2024-11-01,0.6092292959615586,0.4614187761426686,0.7570398157804487
96728A7226,2024-12-01,0.6206870967984153,0.46722016725315296,0.7741540263436776
9911CB0D95,2024-10-01,0.583,0.47744621990474123,0.6885537800952587
9911CB0D95,2024-11-01,0.583,0.43372441262953776,0.7322755873704622
9911CB0D95,2024-12-01,0.583,0.4001754899440593,0.7658245100559407
995D6B6C92,2024-10-01,0.6071929013466779,0.5042967624042197,0.7100890402891361
995D6B6C92,2024-11-01,0.6079125640101977,0.5050105452470793,0.710814582773316
995D6B6C92,2024-12-01,0.60863307963881,0.5057251674460532,0.7115409918315667
9972114004,2024-10-01,0.30166624279619336,0.14150729220409322,0.46182519338829353
9972114004,2024-11-01,0.30166624279619336,0.1410796598463559,0.4622528257460308
9972114004,2024-12-01,0.30166624279619336,0.14065316322733573,0.462679322365051
99973542B9,2024-10-01,0.6913348301073978,0.5243531555943778,0.8583165046204179
99973542B9,2024-11-01,0.6946013615048034,0.527580256777261,0.861622466232346
99973542B9,2024-12-01,0.6978833271417492,0.5308224281458794,0.8649442261376189
9A0EC55599,2024-10-01,0.25,0.1438104247042286,0.3561895752957714
9A0EC55599,2024-11-01,0.25,0.09982526243408113,0.40017473756591887
9A0EC55599,2024-12-01,0.25,0.06607426035356306,0.43392573964643694
9A27CDDD2A,2024-10-01,0.5292730211440293,0.38827690159998807,0.6702691406880705
9A27CDDD2A,2024-11-01,0.5357556476615047,0.39466674701067794,0.6768445483123315
9A27CDDD2A,2024-12-01,0.5423176744976932,0.40113376926864897,0.6835015797267374
9A9ADB69FB,2024-10-01,0.583,0.5829804003601545,0.5830195996398454
9A9ADB69FB,2024-11-01,0.583,0.5829722819235129,0.583027718076487
9A9ADB69FB,2024-12-01,0.583,0.5829660524279777,0.5830339475720222
9AFEF6448B,2024-10-01,0.506591834204796,0.4007627338464289,0.6124209345631632
9AFEF6448B,2024-11-01,0.5020058808751158,0.39621807235369794,0.6077936893965337
9AFEF6448B,2024-12-01,0.4974614421663236,0.3917141969621764,0.6032086873704707
9C3EC0EDDC,2024-10-01,0.579769712307873,0.35679386921194534,0.8027455554038007
9C3EC0EDDC,2024-11-01,0.578473710963403,0.3343000201218138,0.8226474018049923
9C3EC0EDDC,2024-12-01,0.5779537512431089,0.32900210470519586,0.8269053977810219
9DBBC0BC17,2024-10-01,0.583,0.5829980348428622,0.5830019651571378
9DBBC0BC17,2024-11-01,0.583,0.5829972208481236,0.5830027791518764
9DBBC0BC17,2024-12-01,0.583,0.5829965962479925,0.5830034037520074
9DE30019C9,2024-10-01,0.417,0.4169980348428622,0.4170019651571378
9DE30019C9,2024-11-01,0.417,0.4169972208481235,0.41700277915187645
9DE30019C9,2024-12-01,0.417,0.4169965962479925,0.41700340375200745
9DE5AC9FFD,2024-10-01,0.417,0.41699176712483416,0.4170082328751658
9DE5AC9FFD,2024-11-01,0.417,0.4169883569562831,0.41701164304371685
9DE5AC9FFD,2024-12-01,0.417,0.41698574024192037,0.4170142597580796
9E719E496C,2024-10-01,0.25,0.08210073513787913,0.41789926486212087
9E719E496C,2024-11-01,0.25,0.012554582519516244,0.48744541748048376
9E719E496C,2024-12-01,0.25,0.0,0.5408100572946573
9ED42062FD,2024-10-01,0.3806135923092496,0.2197535830581277,0.5414736015603716
9ED42062FD,2024-11-01,0.38650166057513113,0.22550396165254727,0.547499359497715
9ED42062FD,2024-12-01,0.39248081688569686,0.23134125845077275,0.553620375320621
9F42371A46,2024-10-01,0.417,0.4169980348428622,0.4170019651571378
9F42371A46,2024-11-01,0.417,0.4169972208481235,0.41700277915187645
9F42371A46,2024-12-01,0.417,0.4169965962479925,0.41700340375200745
9FBE5BF7CF,2024-10-01,0.4687671316324221,0.35031138365926934,0.587222879605575
9FBE5BF7CF,2024-11-01,0.4714314349520478,0.35294171854601725,0.5899211513580783
9FBE5BF7CF,2024-12-01,0.4741108812108857,0.35558681904831446,0.5926349433734569
A0A1FF8F0B,2024-10-01,0.417,0.2871980138681237,0.5468019861318762
A0A1FF8F0B,2024-11-01,0.417,0.23343227078933612,0.6005677292106638
A0A1FF8F0B,2024-12-01,0.417,0.19217636509623945,0.6418236349037605
A1886B3C8E,2024-10-01,0.583,0.5829980348428622,0.5830019651571378
A1886B3C8E,2024-11-01,0.583,0.5829972208481236,0.5830027791518764
A1886B3C8E,2024-12-01,0.583,0.5829965962479925,0.5830034037520074
A2A41AAC50,2024-10-01,0.5447052887041367,0.42684515948136426,0.6625654179269092
A2A41AAC50,2024-11-01,0.5364996618257063,0.41871072764076517,0.6542885960106475
A2A41AAC50,2024-12-01,0.5284176473187074,0.4106978204609699,0.646137474176445
A2D9C941A9,2024-10-01,0.25,0.08210070581978693,0.4178992941802131
A2D9C941A9,2024-11-01,0.25,0.01255454105747264,0.48744545894252733
A2D9C941A9,2024-12-01,0.25,0.0,0.5408101080750825
A33442D657,2024-10-01,0.5875784008642044,0.45769268842956345,0.7174641132988454
A33442D657,2024-11-01,0.5875784008642044,0.3883182736687626,0.7868385280596463
A33442D657,2024-12-01,0.5875784008642044,0.3375006163945857,0.8376561853338231
A412739857,2024-10-01,0.44528037394939735,0.28235288890012755,0.6082078589986671
A412739857,2024-11-01,0.43858167084195904,0.2757992168961225,0.6013641247877956
A412739857,2024-12-01,0.43198374159734254,0.2693421115358745,0.5946253716588106
A50A5265C1,2024-10-01,0.917,0.7577079803445966,1.05
A50A5265C1,2024-11-01,0.917,0.7389061078494075,1.05
A50A5265C1,2024-12-01,0.917,0.7025465554317318,1.05
A5DC44A844,2024-10-01,0.925671371556633,0.7787890512620448,1.05
A5DC44A844,2024-11-01,0.9332974440858469,0.7863525296271294,1.05
A5DC44A844,2024-12-01,0.9409863434281263,0.7939778265192609,1.05
A787679642,2024-10-01,0.917,0.9169804003601546,0.9170195996398455
A787679642,2024-11-01,0.917,0.916972281923513,0.9170277180764871
A787679642,2024-12-01,0.917,0.9169660524279778,0.9170339475720223
A7BC78E695,2024-10-01,0.583,0.582998034806725,0.583001965193275
A7BC78E695,2024-11-01,0.583,0.5829972207970178,0.5830027792029822
A7BC78E695,2024-12-01,0.583,0.582996596185401,0.5830034038145989
A89BEC57A0,2024-10-01,0.417,0.23307487122968995,0.60092512877031
A89BEC57A0,2024-11-01,0.417,0.15689058843180959,0.6771094115681904
A89BEC57A0,2024-12-01,0.417,0.09843233218117475,0.7355676678188252
A92743CA52,2024-10-01,0.3391701549680606,0.13570888513414114,0.54263142480198
A92743CA52,2024-11-01,0.339714162252994,0.13623709137086337,0.5431912331351246
A92743CA52,2024-12-01,0.34025904209089747,0.13676612066501212,0.5437519635167828
A9B8207363,2024-10-01,0.917,0.9169980348428622,0.9170019651571378
A9B8207363,2024-11-01,0.917,0.9169972208481236,0.9170027791518764
A9B8207363,2024-12-01,0.917,0.9169965962479926,0.9170034037520075
AA351B2BFF,2024-10-01,0.417,0.32620971733699583,0.5077902826630041
AA351B2BFF,2024-11-01,0.417,0.28860315092629263,0.5453968490737073
AA351B2BFF,2024-12-01,0.417,0.25974661759413703,0.5742533824058629
AC3DCE45BE,2024-10-01,0.417,0.4169939963670183,0.4170060036329817
AC3DCE45BE,2024-11-01,0.417,0.41699150958081377,0.4170084904191862
AC3DCE45BE,2024-12-01,0.417,0.4169896014026457,0.4170103985973543
AD045C18E5,2024-10-01,0.5829999999999985,0.5079090218529381,0.658090978147059
AD045C18E5,2024-11-01,0.7500000000000014,0.674909021852941,0.8250909781470619
AD045C18E5,2024-12-01,0.5829999999999971,0.476805320292562,0.6891946797074321
AD0F358619,2024-10-01,0.583,0.5829980348428622,0.5830019651571378
AD0F358619,2024-11-01,0.583,0.5829972208481236,0.5830027791518764
AD0F358619,2024-12-01,0.583,0.5829965962479925,0.5830034037520074
AD57E72BC9,2024-10-01,0.25,0.2499980348428622,0.2500019651571378
AD57E72BC9,2024-11-01,0.25,0.24999722084812356,0.25000277915187646
AD57E72BC9,2024-12-01,0.25,0.2499965962479925,0.25000340375200747
AEF0DF6708,2024-10-01,0.417,0.416995452382694,0.417004547617306
AEF0DF6708,2024-11-01,0.417,0.4169935686979571,0.41700643130204285
AEF0DF6708,2024-12-01,0.417,0.416992123295818,0.417007876704182
AF12407D8A,2024-10-01,0.583,0.5083586684050609,0.657641331594939
AF12407D8A,2024-11-01,0.41700000000000004,0.34235866840506096,0.4916413315949391
AF12407D8A,2024-12-01,0.583,0.4774412165448497,0.6885587834551502
AF202842B3,2024-10-01,0.75,0.7499980348428622,0.7500019651571378
AF202842B3,2024-11-01,0.75,0.7499972208481236,0.7500027791518764
AF202842B3,2024-12-01,0.75,0.7499965962479925,0.7500034037520075
B0A6B628D3,2024-10-01,0.417,0.41699021760083455,0.4170097823991654
B0A6B628D3,2024-11-01,0.417,0.4169861655984277,0.41701383440157225
B0A6B628D3,2024-12-01,0.417,0.41698305638762556,0.4170169436123744
B113A0DC35,2024-10-01,0.417,0.311446219904549,0.522553780095451
B113A0DC35,2024-11-01,0.417,0.267724412629266,0.5662755873707339
B113A0DC35,2024-12-01,0.417,0.23417548994372647,0.5998245100562735
B2240E407A,2024-10-01,0.25,0.08695942057319411,0.4130405794268059
B2240E407A,2024-11-01,0.25,0.072617134291077,0.42738286570892303
B2240E407A,2024-12-01,0.25,0.03408030863108322,0.46591969136891676
B2319196A9,2024-10-01,0.25,0.14089396886726657,0.3591060311327334
B2319196A9,2024-11-01,0.25,0.09570077103538727,0.40429922896461273
B2319196A9,2024-12-01,0.25,0.06102281066591403,0.43897718933408597
B2781768EE,2024-10-01,0.583,0.5829902125054535,0.5830097874945465
B2781768EE,2024-11-01,0.583,0.5829861583924706,0.5830138416075293
B2781768EE,2024-12-01,0.583,0.5829830475621666,0.5830169524378334
B4C8D0B6AD,2024-10-01,0.417,0.4169902176008346,0.41700978239916536
B4C8D0B6AD,2024-11-01,0.417,0.41698616559842777,0.4170138344015722
B4C8D0B6AD,2024-12-01,0.417,0.4169830563876256,0.41701694361237435
B5AFB737F5,2024-10-01,0.417,0.4169980348428622,0.4170019651571378
B5AFB737F5,2024-11-01,0.417,0.4169972208481235,0.41700277915187645
B5AFB737F5,2024-12-01,0.417,0.4169965962479925,0.41700340375200745
B5E96D7BB4,2024-10-01,0.583,0.5829970925497189,0.583002907450281
B5E96D7BB4,2024-11-01,0.4169961281725665,0.4169920164339679,0.4170002399111651
B5E96D7BB4,2024-12-01,0.583,0.5829949641761875,0.5830050358238125
B88DBA7876,2024-10-01,0.75,0.7499980348428622,0.7500019651571378
B88DBA7876,2024-11-01,0.75,0.7499972208481236,0.7500027791518764
B88DBA7876,2024-12-01,0.75,0.7499965962479925,0.7500034037520075
B8C1E9F4C6,2024-10-01,0.7744271580473568,0.6768201788501114,0.8720341372446023
B8C1E9F4C6,2024-11-01,0.7760595419645471,0.678436520552757,0.8736825633763371
B8C1E9F4C6,2024-12-01,0.7776953667182646,0.6800562380436349,0.8753344953928942
B8F11300C9,2024-10-01,0.917,0.7631092897701199,1.05
B8F11300C9,2024-11-01,0.917,0.7375341343173507,1.05
B8F11300C9,2024-12-01,0.917,0.7027876691068562,1.05
B918A3FB98,2024-10-01,0.4873756128434043,0.3725637059734339,0.6021875197133747
B918A3FB98,2024-11-01,0.48190895748536156,0.36715116430642514,0.596666750664298
B918A3FB98,2024-12-01,0.4765036189433763,0.36179875701064,0.5912084808761126
B95A7665A4,2024-10-01,0.417,0.4169902210521563,0.4170097789478437
B95A7665A4,2024-11-01,0.417,0.4169861704793337,0.4170138295206663
B95A7665A4,2024-12-01,0.417,0.4169830623654901,0.41701693763450987
B9CF9A1A80,2024-10-01,0.917,0.9169959560936496,0.9170040439063505
B9CF9A1A80,2024-11-01,0.917,0.916994281052819,0.9170057189471811
B9CF9A1A80,2024-12-01,0.917,0.9169929957487803,0.9170070042512197
BA9B0547FD,2024-10-01,0.25000001585698517,0.2499920961558702,0.25000793555810014
BA9B0547FD,2024-11-01,0.24999999999999997,0.24998879985127326,0.2500112001487267
BA9B0547FD,2024-12-01,0.24999999999999997,0.2499862826752881,0.25001371732471184
BB508E9B60,2024-10-01,0.6915499996074809,0.5324672574168413,0.8506327417981204
BB508E9B60,2024-11-01,0.6915499996074809,0.5324672572706686,0.8506327419442932
BB508E9B60,2024-12-01,0.6915499996074809,0.5324672571244958,0.8506327420904659
BC04FDC81C,2024-10-01,0.583,0.5829980348428622,0.5830019651571378
BC04FDC81C,2024-11-01,0.583,0.5829972208481236,0.5830027791518764
BC04FDC81C,2024-12-01,0.583,0.5829965962479925,0.5830034037520074
BC3B472D8E,2024-10-01,0.24999999528565395,0.2499980184280016,0.25000197214330633
BC3B472D8E,2024-11-01,0.24999999528565395,0.24999680909452265,0.25000318147678524
BC3B472D8E,2024-12-01,0.24999999528565395,0.2499959461299799,0.250004044441328
BCA89C9A13,2024-10-01,0.583,0.5829910210258176,0.5830089789741824
BCA89C9A13,2024-11-01,0.583,0.582987301812935,0.5830126981870649
BCA89C9A13,2024-12-01,0.583,0.5829844479605162,0.5830155520394837
BCB8BCC1D2,2024-10-01,0.6464773114905812,0.4824563334256785,0.8104982895554839
BCB8BCC1D2,2024-11-01,0.6469583645759132,0.48293152916382903,0.8109851999879973
BCB8BCC1D2,2024-12-01,0.6474397756197794,0.48340707434982155,0.8114724768897372
BD237E8126,2024-10-01,0.4170006143415345,0.41699125503601986,0.41700997364704917
BD237E8126,2024-11-01,0.4170006143415345,0.4169873782847413,0.4170138503983277
BD237E8126,2024-12-01,0.4170006143415345,0.4169844035488596,0.41701682513420946
BD730ED969,2024-10-01,0.417,0.12641525756714994,0.7075847424328501
BD730ED969,2024-11-01,0.417,0.006051116232770826,0.8279488837672291
BD730ED969,2024-12-01,0.417,0.0,0.9203075377980121
BDC0AED34F,2024-10-01,0.583,0.4065422072179463,0.7594577927820536
BDC0AED34F,2024-11-01,0.583,0.33345099626119834,0.8325490037388016
BDC0AED34F,2024-12-01,0.583,0.27736613751002226,0.8886338624899777
BDD7EBEC25,2024-10-01,0.916999958500988,0.9169972272869334,0.9170026897150426
BDD7EBEC25,2024-11-01,0.916999958500988,0.9169971730446717,0.9170027439573044
BDD7EBEC25,2024-12-01,0.916999958500988,0.9169971198387028,0.9170027971632733
BE0A7DD7AB,2024-10-01,0.583,0.582998034806725,0.583001965193275
BE0A7DD7AB,2024-11-01,0.583,0.5829972207970178,0.5830027792029822
BE0A7DD7AB,2024-12-01,0.583,0.582996596185401,0.5830034038145989
BE646F48C4,2024-10-01,0.6347212378942557,0.5155955237839496,0.7538469520045619
BE646F48C4,2024-11-01,0.6373368556307197,0.5181867561432942,0.7564869551181452
BE646F48C4,2024-12-01,0.6399632520456568,0.5207885708396788,0.7591379332516349
BE8BE0B9CF,2024-10-01,0.583,0.582998034806725,0.583001965193275
BE8BE0B9CF,2024-11-01,0.583,0.5829972207970178,0.5830027792029822
BE8BE0B9CF,2024-12-01,0.583,0.582996596185401,0.5830034038145989
BF43B6D3DA,2024-10-01,0.583,0.4842587996300649,0.681741200369935
BF43B6D3DA,2024-11-01,0.583,0.4812199003186233,0.6847800996813767
BF43B6D3DA,2024-12-01,0.583,0.4534021745144585,0.7125978254855414
BF872A7E89,2024-10-01,0.583,0.433726098405108,0.7322739015948919
BF872A7E89,2024-11-01,0.583,0.371894823856157,0.7941051761438429
BF872A7E89,2024-12-01,0.583,0.3244500181936103,0.8415499818063896
BF8F8AFC4B,2024-10-01,0.917,0.6920237081065242,1.05
BF8F8AFC4B,2024-11-01,0.917,0.5988354767918385,1.05
BF8F8AFC4B,2024-12-01,0.917,0.5273296319420538,1.05
BF9955B7C9,2024-10-01,0.5165999992984966,0.3536618827426732,0.6795381158543201
BF9955B7C9,2024-11-01,0.5165999992984966,0.35366188260375464,0.6795381159932387
BF9955B7C9,2024-12-01,0.5165999992984966,0.3536618824648361,0.6795381161321572
BFDC273AED,2024-10-01,0.417,0.4169980348428622,0.4170019651571378
BFDC273AED,2024-11-01,0.417,0.4169972208481235,0.41700277915187645
BFDC273AED,2024-12-01,0.417,0.4169965962479925,0.41700340375200745
C078C96A10,2024-10-01,0.5350237682449868,0.4157776155271807,0.6542699209627928
C078C96A10,2024-11-01,0.5328912295873309,0.4136667648563335,0.6521156943183284
C078C96A10,2024-12-01,0.5307671909653675,0.41156424557345095,0.6499701363572841
C2917321B5,2024-10-01,0.41699999067326826,0.4169970109952441,0.4170029703512924
C2917321B5,2024-11-01,0.417,0.4169957860989267,0.4170042139010733
C2917321B5,2024-12-01,0.417,0.41699483904627194,0.417005160953728
C45BC175C8,2024-10-01,0.5659803671588572,0.4360100158358453,0.6959507184818692
C45BC175C8,2024-11-01,0.5659803671588572,0.43421751132884334,0.6977432229888711
C45BC175C8,2024-12-01,0.5659803671588572,0.4324490669707183,0.6995116673469962
C6363F8E19,2024-10-01,0.25,0.11993861096575212,0.3800613890342479
C6363F8E19,2024-11-01,0.25,0.10458694643571831,0.3954130535642817
C6363F8E19,2024-12-01,0.25,0.07489949625145986,0.42510050374854014
C65FEFD6D4,2024-10-01,0.75,0.6749081442502985,0.8250918557497015
C65FEFD6D4,2024-11-01,0.75,0.643804079175008,0.856195920824992
C65FEFD6D4,2024-12-01,0.75,0.6199370906068838,0.8800629093931162
C6A7D1B09B,2024-10-01,0.75,0.7499980348428622,0.7500019651571378
C6A7D1B09B,2024-11-01,0.75,0.7499972208481236,0.7500027791518764
C6A7D1B09B,2024-12-01,0.75,0.7499965962479925,0.7500034037520075
C766BAD8FB,2024-10-01,0.417,0.41699372716613997,0.41700627283386
C766BAD8FB,2024-11-01,0.417,0.41699360240244826,0.4170063975975517
C766BAD8FB,2024-12-01,0.4356027470814054,0.43559622710715457,0.4356092670556562
C76B1790F8,2024-10-01,0.583,0.5829921070738426,0.5830078929261573
C76B1790F8,2024-11-01,0.5829997283346068,0.5829885660513883,0.5830108906178253
C76B1790F8,2024-12-01,0.5829997283346068,0.5829860573854818,0.5830133992837317
C76DAFE8C1,2024-10-01,0.7219202011076504,0.6504131115326433,0.7934272906826576
C76DAFE8C1,2024-11-01,0.7200763314261016,0.6485777059956407,0.7915749568565625
C76DAFE8C1,2024-12-01,0.7182371712060658,0.646746967732976,0.7897273746791555
C7B69482A3,2024-10-01,0.5561082268829091,0.4185380803558837,0.6936783734099344
C7B69482A3,2024-11-01,0.5647026412281471,0.42701487352406525,0.7023904089322288
C7B69482A3,2024-12-01,0.5734298785642472,0.4356209311500912,0.7112388259784033
C7F49C4961,2024-10-01,0.527110203179614,0.38488010423627084,0.6693403021229571
C7F49C4961,2024-11-01,0.5333529861040064,0.391032726816927,0.6756732453910858
C7F49C4961,2024-12-01,0.5396697048740835,0.39725719612087057,0.6820822136272964
CA4D5857BC,2024-10-01,0.4169999999999999,0.26682683713240163,0.5671731628675982
CA4D5857BC,2024-11-01,0.4169999999999999,0.20462307636817875,0.6293769236318211
CA4D5857BC,2024-12-01,0.4169999999999999,0.1568924519800038,0.6771075480199961
CA5307D30A,2024-10-01,0.583,0.5829980348428622,0.5830019651571378
CA5307D30A,2024-11-01,0.583,0.5829972208481236,0.5830027791518764
CA5307D30A,2024-12-01,0.583,0.5829965962479925,0.5830034037520074
CAF68EC2CB,2024-10-01,0.75,0.7499980348428622,0.7500019651571378
CAF68EC2CB,2024-11-01,0.75,0.7499972208481236,0.7500027791518764
CAF68EC2CB,2024-12-01,0.75,0.7499965962479925,0.7500034037520075
CB42B1688B,2024-10-01,0.75,0.6352966361746588,0.8647033638253412
CB42B1688B,2024-11-01,0.75,0.6290920383429859,0.8709079616570141
CB42B1688B,2024-12-01,0.75,0.5997408094252725,0.9002591905747275
CD4571800C,2024-10-01,0.582999999999994,0.582998031590304,0.583001968409684
CD4571800C,2024-11-01,0.5829999999999907,0.5829979574239521,0.5830020425760294
CD4571800C,2024-12-01,0.4170000000108896,0.4169978858805554,0.4170021141412238
CDAEDB0A25,2024-10-01,0.4667999995742951,0.3156572543216949,0.6179427448268953
CDAEDB0A25,2024-11-01,0.4667999995742951,0.31565725415173407,0.6179427449968561
CDAEDB0A25,2024-12-01,0.4667999995742951,0.3156572539817733,0.6179427451668169
CEC2707AF8,2024-10-01,0.25,0.061034117055738885,0.4389658829442611
CEC2707AF8,2024-11-01,0.25,0.0,0.5172381144855809
CEC2707AF8,2024-12-01,0.25,0.0,0.5772985101565734
CED8E4AEE5,2024-10-01,0.75,0.6129032580306135,0.8870967419693865
CED8E4AEE5,2024-11-01,0.75,0.6054873451961195,0.8945126548038805
CED8E4AEE5,2024-12-01,0.75,0.5704059166902913,0.9295940833097087
CF11E9E059,2024-10-01,0.417,0.31081042470448705,0.5231895752955129
CF11E9E059,2024-11-01,0.417,0.26682526243444665,0.5671747375655534
CF11E9E059,2024-12-01,0.417,0.23307426035401071,0.6009257396459893
D01DF9EC5F,2024-10-01,0.917,0.70462027940675,1.05
D01DF9EC5F,2024-11-01,0.917,0.6166497187640174,1.05
D01DF9EC5F,2024-12-01,0.917,0.5491475334352088,1.05
D21FE6A7B4,2024-10-01,0.417,0.4169980348428622,0.4170019651571378
D21FE6A7B4,2024-11-01,0.417,0.4169972208481235,0.41700277915187645
D21FE6A7B4,2024-12-01,0.417,0.4169965962479925,0.41700340375200745
D2E6E383CD,2024-10-01,0.417,0.416996990917264,0.41700300908273596
D2E6E383CD,2024-11-01,0.583000939912838,0.5829966844272224,0.5830051953984535
D2E6E383CD,2024-12-01,0.583000939912838,0.5829957280286551,0.5830061517970209
D3E9FFD90F,2024-10-01,0.75,0.7499953530218657,0.7500046469781343
D3E9FFD90F,2024-11-01,0.75,0.7499934281804984,0.7500065718195016
D3E9FFD90F,2024-12-01,0.75,0.7499919511977696,0.7500080488022304
D3F29D0C95,2024-10-01,0.75,0.6749081442502985,0.8250918557497015
D3F29D0C95,2024-11-01,0.75,0.643804079175008,0.856195920824992
D3F29D0C95,2024-12-01,0.75,0.6199370906068838,0.8800629093931162
D57855D6EF,2024-10-01,0.7077730590843935,0.5603394509366232,0.8552066672321638
D57855D6EF,2024-11-01,0.7145371840305996,0.5670297656648,0.8620446023963992
D57855D6EF,2024-12-01,0.721365953124673,0.5737833449886774,0.8689485612606686
D5845DCD06,2024-10-01,0.5835554727770468,0.4565005447835544,0.7106104007705392
D5845DCD06,2024-11-01,0.5835554727770468,0.37317278174562685,0.7939381638084667
D5845DCD06,2024-12-01,0.5835554727770468,0.31452239183008907,0.8525885537240045
D72BC9D1A2,2024-10-01,0.3720083553120176,0.09879737301955127,0.6452193376044839
D72BC9D1A2,2024-11-01,0.35516364122283145,0.05890547008906921,0.6514218123565937
D72BC9D1A2,2024-12-01,0.34885703930342626,0.04785021453872418,0.6498638640681283
D731C6D372,2024-10-01,0.583,0.582998034806725,0.583001965193275
D731C6D372,2024-11-01,0.583,0.5829972207970178,0.5830027792029822
D731C6D372,2024-12-01,0.583,0.582996596185401,0.5830034038145989
D749124593,2024-10-01,0.7841551605033457,0.615500914887839,0.9528094061188523
D749124593,2024-11-01,0.7866687469119923,0.617987893122074,0.9553496007019106
D749124593,2024-12-01,0.7891903905482796,0.6204827619641881,0.957898019132371
D78D9659F1,2024-10-01,0.583,0.5829804003601545,0.5830195996398454
D78D9659F1,2024-11-01,0.583,0.5829722819235129,0.583027718076487
D78D9659F1,2024-12-01,0.583,0.5829660524279777,0.5830339475720222
D877FBFA11,2024-10-01,0.583,0.5829980348428622,0.5830019651571378
D877FBFA11,2024-11-01,0.583,0.5829972208481236,0.5830027791518764
D877FBFA11,2024-12-01,0.583,0.5829965962479925,0.5830034037520074
DA38CBD132,2024-10-01,0.583,0.5829980348428622,0.5830019651571378
DA38CBD132,2024-11-01,0.583,0.5829972208481236,0.5830027791518764
DA38CBD132,2024-12-01,0.583,0.5829965962479925,0.5830034037520074
DA4DC755CB,2024-10-01,0.583,0.5829980348428622,0.5830019651571378
DA4DC755CB,2024-11-01,0.583,0.5829972208481236,0.5830027791518764
DA4DC755CB,2024-12-01,0.583,0.5829965962479925,0.5830034037520074
DA5B732423,2024-10-01,0.417,0.4169980348428622,0.4170019651571378
DA5B732423,2024-11-01,0.417,0.4169972208481235,0.41700277915187645
DA5B732423,2024-12-01,0.417,0.4169965962479925,0.41700340375200745
DB4CA4D632,2024-10-01,0.417,0.4169916797104133,0.4170083202895867
DB4CA4D632,2024-11-01,0.417,0.41698823333362367,0.4170117666663763
DB4CA4D632,2024-12-01,0.417,0.4169855888357022,0.41701441116429777
DD0FCFEDE6,2024-10-01,0.32156723237490453,0.18321329798537236,0.45992116676443673
DD0FCFEDE6,2024-11-01,0.32156723237490453,0.1622173136756367,0.4809171510741724
DD0FCFEDE6,2024-12-01,0.32156723237490453,0.14368248874054007,0.499451976009269
DD5C3290AF,2024-10-01,0.417,0.4169980348428622,0.4170019651571378
DD5C3290AF,2024-11-01,0.417,0.4169972208481235,0.41700277915187645
DD5C3290AF,2024-12-01,0.417,0.4169965962479925,0.41700340375200745
DECBA9ED42,2024-10-01,0.7494831979897856,0.7013262448894061,0.7976401510901651
DECBA9ED42,2024-11-01,0.749651924022086,0.7013244310904931,0.7979794169536789
DECBA9ED42,2024-12-01,0.7495968381799005,0.6978656166538545,0.8013280597059466
DF8B176772,2024-10-01,0.6993061028215231,0.5970817428318356,0.8015304628112105
DF8B176772,2024-11-01,0.6993061028215231,0.48005928467250636,0.9185529209705398
DF8B176772,2024-12-01,0.6993061028215231,0.40658009652615684,0.9920321091168893
E02749FC67,2024-10-01,0.583,0.45371624123274384,0.7122837587672561
E02749FC67,2024-11-01,0.583,0.40016515495677485,0.7658348450432251
E02749FC67,2024-12-01,0.583,0.3590739612216341,0.8069260387783659
E0A583DB58,2024-10-01,0.75,0.7499980348428622,0.7500019651571378
E0A583DB58,2024-11-01,0.75,0.7499972208481236,0.7500027791518764
E0A583DB58,2024-12-01,0.75,0.7499965962479925,0.7500034037520075
E1FDBF2D4D,2024-10-01,0.417,0.416997552486407,0.41700244751359294
E1FDBF2D4D,2024-11-01,0.417,0.41699653869326747,0.4170034613067325
E1FDBF2D4D,2024-12-01,0.417,0.41699576078240647,0.4170042392175935
E427B5E29F,2024-10-01,0.27535362761848886,0.11829670529242622,0.4324105499445515
E427B5E29F,2024-11-01,0.26949702122114155,0.10918563273383863,0.42980840970844447
E427B5E29F,2024-12-01,0.2637649813268402,0.10039688117024162,0.42713308148343876
E474B338BD,2024-10-01,0.5157785016227584,0.3475765611606342,0.6839804420848826
E474B338BD,2024-11-01,0.5157785016227584,0.34504339714735877,0.686513606098158
E474B338BD,2024-12-01,0.5157785016227584,0.3425472716865045,0.6890097315590122
E4899A583F,2024-10-01,0.4170000015833198,0.4169937690382896,0.41700623412835
E4899A583F,2024-11-01,0.41700000168482276,0.4169936700970956,0.41700633327254993
E4899A583F,2024-12-01,0.41700000178698887,0.4169935714135689,0.41700643216040884
E4A9ECB7B9,2024-10-01,0.583,0.5829980348428622,0.5830019651571378
E4A9ECB7B9,2024-11-01,0.583,0.5829972208481236,0.5830027791518764
E4A9ECB7B9,2024-12-01,0.583,0.5829965962479925,0.5830034037520074
E4E4B45D06,2024-10-01,0.917,0.7183375152452233,1.05
E4E4B45D06,2024-11-01,0.917,0.6360488197250566,1.05
E4E4B45D06,2024-12-01,0.917,0.5729064828468492,1.05
E569E14F36,2024-10-01,0.75,0.7499980348428622,0.7500019651571378
E569E14F36,2024-11-01,0.75,0.7499972208481236,0.7500027791518764
E569E14F36,2024-12-01,0.75,0.7499965962479925,0.7500034037520075
E58F84D462,2024-10-01,0.6020406562809152,0.41150909155761517,0.7925722210042152
E58F84D462,2024-11-01,0.6086192793685073,0.40409465590780724,0.8131439028292075
E58F84D462,2024-12-01,0.6108922200219227,0.40376197929121,0.8180224607526354
E61969DA0F,2024-10-01,0.417,0.41699021356682237,0.4170097864331776
E61969DA0F,2024-11-01,0.417,0.41698615989347293,0.41701384010652703
E61969DA0F,2024-12-01,0.417,0.4169830494005115,0.41701695059948846
E655648F43,2024-10-01,0.08299999999999991,0.007909021829539273,0.15809097817046053
E655648F43,2024-11-01,0.2500000000000001,0.17490902034066336,0.32509097965933687
E655648F43,2024-12-01,0.08299999999999985,0.0,0.1891946797405273
E6BF54CE96,2024-10-01,0.4312828347669812,0.3570550817985342,0.5055105877354282
E6BF54CE96,2024-11-01,0.4318579716599563,0.3576254390113649,0.5060905043085477
E6BF54CE96,2024-12-01,0.4324338755262932,0.3581965507501469,0.5066712003024395
E71673016B,2024-10-01,0.417,0.4169980348428622,0.4170019651571378
E71673016B,2024-11-01,0.417,0.4169972208481235,0.41700277915187645
E71673016B,2024-12-01,0.417,0.4169965962479925,0.41700340375200745
E72B5A0A41,2024-10-01,0.417,0.41699803480672504,0.4170019651932749
E72B5A0A41,2024-11-01,0.417,0.41699722079701784,0.4170027792029821
E72B5A0A41,2024-12-01,0.417,0.416996596185401,0.41700340381459894
E7EF031D24,2024-10-01,0.75,0.5821007188649289,0.9178992811350711
E7EF031D24,2024-11-01,0.75,0.5125545595060893,0.9874454404939107
E7EF031D24,2024-12-01,0.75,0.4591899145197661,1.040810085480234
EA5FAE889A,2024-10-01,0.417,0.4169980348428622,0.4170019651571378
EA5FAE889A,2024-11-01,0.417,0.4169972208481235,0.41700277915187645
EA5FAE889A,2024-12-01,0.417,0.4169965962479925,0.41700340375200745
EAD182F319,2024-10-01,0.5498000005181539,0.4206897724770697,0.6789102285592381
EAD182F319,2024-11-01,0.5498000005181539,0.4206897723255763,0.6789102287107316
EAD182F319,2024-12-01,0.5498000005181539,0.42068977217408293,0.6789102288622249
EB66B019B5,2024-10-01,0.75,0.5998205594222221,0.9001794405777779
EB66B019B5,2024-11-01,0.75,0.5376141983453022,0.9623858016546978
EB66B019B5,2024-12-01,0.75,0.48988157866701754,1.0101184213329826
EBE0962975,2024-10-01,0.417,0.4169980348428622,0.4170019651571378
EBE0962975,2024-11-01,0.417,0.4169972208481235,0.41700277915187645
EBE0962975,2024-12-01,0.417,0.4169965962479925,0.41700340375200745
EBE76155D3,2024-10-01,0.583,0.582998034806725,0.583001965193275
EBE76155D3,2024-11-01,0.583,0.5829972207970178,0.5830027792029822
EBE76155D3,2024-12-01,0.583,0.582996596185401,0.5830034038145989
ECCBAE7ACB,2024-10-01,0.4169999999999991,0.4169916769282173,0.4170083230717809
ECCBAE7ACB,2024-11-01,0.4169999999999991,0.41698822939905544,0.41701177060094274
ECCBAE7ACB,2024-12-01,0.4169999999999991,0.41698558401688085,0.41701441598311734
ED35FCD6A1,2024-10-01,0.2898282334998824,0.18975618883311637,0.3899002781666484
ED35FCD6A1,2024-11-01,0.292159381146684,0.1920457795537613,0.3922729827396067
ED35FCD6A1,2024-12-01,0.2945092786898831,0.19435346664357522,0.39466509073619094
ED968D5FD1,2024-10-01,0.3170517506385113,0.04033354924235827,0.5937699520346644
ED968D5FD1,2024-11-01,0.310890715240897,0.03437640271088055,0.5874050277709135
ED968D5FD1,2024-12-01,0.3048494027500139,0.028531273901129306,0.5811675315988984
EE000D3E14,2024-10-01,0.917,0.7027277501331893,1.05
EE000D3E14,2024-11-01,0.917,0.6139732781981597,1.05
EE000D3E14,2024-12-01,0.917,0.5458695765785903,1.05
EE0678A190,2024-10-01,0.5496192170980742,0.43760396115432754,0.6616344730418208
EE0678A190,2024-11-01,0.5409009667602513,0.42900836443944834,0.6527935690810543
EE0678A190,2024-12-01,0.5323210083281488,0.4205473276483149,0.6440946890079827
F0082429E9,2024-10-01,0.083,0.08299803484286222,0.08300196515713779
F0082429E9,2024-11-01,0.083,0.08299722084812355,0.08300277915187645
F0082429E9,2024-12-01,0.083,0.08299659624799251,0.0830034037520075
F1157A79D0,2024-10-01,0.25,0.2499980348428622,0.2500019651571378
F1157A79D0,2024-11-01,0.25,0.24999722084812356,0.25000277915187646
F1157A79D0,2024-12-01,0.25,0.2499965962479925,0.25000340375200747
F1758BF01F,2024-10-01,0.583,0.5829980348428622,0.5830019651571378
F1758BF01F,2024-11-01,0.583,0.5829972208481236,0.5830027791518764
F1758BF01F,2024-12-01,0.583,0.5829965962479925,0.5830034037520074
F1D42A1E4A,2024-10-01,0.583,0.5829980348428622,0.5830019651571378
F1D42A1E4A,2024-11-01,0.583,0.5829972208481236,0.5830027791518764
F1D42A1E4A,2024-12-01,0.583,0.5829965962479925,0.5830034037520074
F2207F8023,2024-10-01,0.417,0.4169980348428622,0.4170019651571378
F2207F8023,2024-11-01,0.417,0.4169972208481235,0.41700277915187645
F2207F8023,2024-12-01,0.417,0.4169965962479925,0.41700340375200745
F24F0E217A,2024-10-01,0.4045912303431215,0.25348878760135163,0.5556936730848914
F24F0E217A,2024-11-01,0.380323962862992,0.056988925171217175,0.7036590005547669
F24F0E217A,2024-12-01,0.3575122392176924,0.0,0.7779296485723535
F2A06B9694,2024-10-01,0.417,0.4169980348428622,0.4170019651571378
F2A06B9694,2024-11-01,0.417,0.4169972208481235,0.41700277915187645
F2A06B9694,2024-12-01,0.417,0.4169965962479925,0.41700340375200745
F4013DE365,2024-10-01,0.417,0.4169980348428622,0.4170019651571378
F4013DE365,2024-11-01,0.417,0.4169972208481235,0.41700277915187645
F4013DE365,2024-12-01,0.417,0.4169965962479925,0.41700340375200745
F4BEB03DA2,2024-10-01,0.4169994189620788,0.41699724652500164,0.417001591399156
F4BEB03DA2,2024-11-01,0.4169988379249672,0.4169957656371297,0.41700191021280475
F4BEB03DA2,2024-12-01,0.41699825688866526,0.41699449412251427,0.41700201965481626
F4E7570A2E,2024-10-01,0.417,0.23325825163568698,0.6007417483643129
F4E7570A2E,2024-11-01,0.417,0.1571499274890441,0.6768500725109559
F4E7570A2E,2024-12-01,0.417,0.09874995636147421,0.7352500436385258
F58CA84077,2024-10-01,0.25,0.14089533819393701,0.359104661806063
F58CA84077,2024-11-01,0.417,0.307895338193937,0.526104661806063
F58CA84077,2024-12-01,0.25,0.09570270755573587,0.40429729244426416
F8A788D183,2024-10-01,0.917,0.6403789907128066,1.05
F8A788D183,2024-11-01,0.917,0.5257988170287172,1.05
F8A788D183,2024-12-01,0.917,0.43787835747359877,1.05
FA8BCD6DDD,2024-10-01,0.5208125935606849,0.3698766422056578,0.6717485449157119
FA8BCD6DDD,2024-11-01,0.5441094219923028,0.36608838677290845,0.7221304572116972
FA8BCD6DDD,2024-12-01,0.5353818958572184,0.32313445943043406,0.7476293322840027
FAB0188A01,2024-10-01,0.2783120419234816,0.20655609994773622,0.35006798389922694
FAB0188A01,2024-11-01,0.28031387110164213,0.2085315003961592,0.35209624180712507
FAB0188A01,2024-12-01,0.2823300989383402,0.2105209278837914,0.354139269992889
FC69270591,2024-10-01,0.417,0.4169980348428622,0.4170019651571378
FC69270591,2024-11-01,0.417,0.4169972208481235,0.41700277915187645
FC69270591,2024-12-01,0.417,0.4169965962479925,0.41700340375200745
FCA7A6787B,2024-10-01,0.917,0.7943772491850785,1.0396227508149216
FCA7A6787B,2024-11-01,0.917,0.7696257948226319,1.05
FCA7A6787B,2024-12-01,0.917,0.7414573747334654,1.05
FCAF2BC53E,2024-10-01,0.25,0.08210070581978693,0.4178992941802131
FCAF2BC53E,2024-11-01,0.25,0.01255454105747264,0.48744545894252733
FCAF2BC53E,2024-12-01,0.25,0.0,0.5408101080750825
FCAF3BA597,2024-10-01,0.417,0.2677199265458322,0.5662800734541678
FCAF3BA597,2024-11-01,0.417,0.20588609552906406,0.6281139044709358
FCAF3BA597,2024-12-01,0.417,0.15843932821976736,0.6755606717802326
FCE9571860,2024-10-01,0.583,0.5829902176008362,0.5830097823991637
FCE9571860,2024-11-01,0.583,0.5829861655984301,0.5830138344015698
FCE9571860,2024-12-01,0.583,0.5829830563876285,0.5830169436123714
FD69236F45,2024-10-01,0.75,0.7499980348428622,0.7500019651571378
FD69236F45,2024-11-01,0.75,0.7499972208481236,0.7500027791518764
FD69236F45,2024-12-01,0.75,0.7499965962479925,0.7500034037520075
FDC922ABCE,2024-10-01,0.583,0.5829902210521563,0.5830097789478437
FDC922ABCE,2024-11-01,0.5830004086943338,0.5829865791736675,0.5830142382150001
FDC922ABCE,2024-12-01,0.583,0.5829830623654901,0.5830169376345098
FDD6335CBC,2024-10-01,0.917,0.916998034806725,0.917001965193275
FDD6335CBC,2024-11-01,0.917,0.9169972207970178,0.9170027792029822
FDD6335CBC,2024-12-01,0.917,0.9169965961854011,0.917003403814599
FE826E7775,2024-10-01,0.417,0.416995452382694,0.417004547617306
FE826E7775,2024-11-01,0.417,0.4169935686979571,0.41700643130204285
FE826E7775,2024-12-01,0.417,0.416992123295818,0.417007876704182
FEB83042A5,2024-10-01,0.44839264776517695,0.2808248583499353,0.6159604371804186
FEB83042A5,2024-11-01,0.4481354616520075,0.2747004531079821,0.621570470196033
FEB83042A5,2024-12-01,0.4478784230539616,0.2687746937641282,0.626982152343795
FEC2FCF4DA,2024-10-01,0.583,0.433726098404707,0.7322739015952929
FEC2FCF4DA,2024-11-01,0.583,0.37189482385558986,0.79410517614441
FEC2FCF4DA,2024-12-01,0.583,0.3244500181929157,0.8415499818070842
FEE6966193,2024-10-01,0.583,0.5829902210521563,0.5830097789478437
FEE6966193,2024-11-01,0.583,0.5829861704793337,0.5830138295206663
FEE6966193,2024-12-01,0.583,0.5829830623654901,0.5830169376345098
FF3AE5174C,2024-10-01,0.083,0.08299761822249019,0.08300238177750982
FF3AE5174C,2024-11-01,0.083,0.08299663165794306,0.08300336834205695
FF3AE5174C,2024-12-01,0.083,0.08299587464034067,0.08300412535965934
FF3C3A8704,2024-10-01,0.7277333240989512,0.5591532559009451,0.8963133922969573
FF3C3A8704,2024-11-01,0.7277333240989512,0.5591532547051967,0.8963133934927057
FF3C3A8704,2024-12-01,0.7277333240989512,0.5591532535094484,0.896313394688454
